name,full_name,birth_date,age,height_cm,weight_kgs,positions,nationality,overall_rating,potential,value_euro,wage_euro,preferred_foot,international_reputation(1-5),weak_foot(1-5),skill_moves(1-5),body_type,release_clause_euro,national_team,national_rating,national_team_position,national_jersey_number,crossing,finishing,heading_accuracy,short_passing,volleys,dribbling,curve,freekick_accuracy,long_passing,ball_control,acceleration,sprint_speed,agility,reactions,balance,shot_power,jumping,stamina,strength,long_shots,aggression,interceptions,positioning,vision,penalties,composure,marking,standing_tackle,sliding_tackle,growth_potential_index,potential_category,reaction_development,main_position,position_group,attacker_quality,midfielder_quality,defender_quality,goalkeeper_quality,role_quality,market_value,relative_market_value,athletic_potential_index,skill_level,skill_to_price,overall_rating_aged,target,target_label,true_target,predicted_target
R. Holding,Rob Holding,9/20/1995,23,187.96,74.8,CB,England,76,83,9500000.0,64000.0,Right,1,3,2,Lean,20000000.0,,,,,52,30,75,72,27,62,33,30,61,67,58,61,58,70,67,48,75,68,76,27,72,77,40,57,38,79,77,78,76,81.92800000000001,High,1.3884297520661155,CB,Defenders,2.182608695652174,2.9413043478260867,3.321739130434783,3.115217391304348,3.321739130434783,0.1514778218220371,1.2666666666666666,53.7,67.44999999999999,7.099999999999999,86.64000000000001,2,2,2,1
A. Mance,Antonio Mance,8/7/1995,23,187.96,77.1,ST,Croatia,68,73,1200000.0,9000.0,Right,1,3,2,Normal,2400000.0,,,,,35,74,75,54,54,66,51,41,40,62,63,67,60,64,50,68,69,58,71,69,35,23,60,49,69,54,18,13,22,67.76,Low,1.2694214876033059,ST,Attackers,2.8717391304347823,2.2043478260869565,1.3282608695652172,2.658695652173913,2.8717391304347823,0.12669802356190085,1.2972972972972974,64.75,56.75,47.29166666666667,77.52000000000001,0,0,0,1
T. Leibold,Tim Leibold,11/30/1993,25,175.26,72.1,"LB,LM",Germany,73,76,4200000.0,15000.0,Left,1,2,3,Normal,7800000.0,,,,,73,55,54,72,42,74,72,52,62,69,86,85,85,71,85,64,78,78,65,54,75,70,69,65,61,67,72,70,70,80.03999999999999,Low,1.4082644628099175,LB,Defenders,2.7840000000000003,2.8,2.7939999999999996,2.918,2.7939999999999996,0.13910315092002565,1.0769230769230769,74.15,71.64999999999999,17.059523809523807,71.53999999999999,0,0,0,1
A. Almendra,Agustín Almendra,2/11/2000,19,182.88,74.8,"CM,CDM",Argentina,64,84,925000.0,2000.0,Right,1,2,3,Lean,2200000.0,,,,,47,58,45,69,50,63,55,52,67,66,65,66,66,62,64,59,50,60,63,56,44,55,54,57,52,62,56,65,64,94.24,High,1.388059701492537,CM,Midfielders,3.163157894736842,3.255263157894737,3.1394736842105266,3.1999999999999997,3.255263157894737,0.12269607246616268,1.7619047619047619,61.75,64.0,69.18918918918918,93.44,2,2,2,1
C. Brittain,Callum Brittain,3/12/1998,20,154.94,68.0,"RWB,RB",England,62,79,600000.0,2000.0,Right,1,4,3,Lean,1400000.0,,,,,60,48,46,61,42,64,50,48,54,59,76,80,78,55,73,49,55,68,63,49,52,54,53,52,50,51,57,61,57,76.112,Medium,1.2313432835820894,RWB,Defenders,2.9125,2.8750000000000004,2.8975,2.8625,2.8975,0.11610097074138297,1.6,64.95,59.85,99.75,85.55999999999999,1,1,1,0
E. Bello,Eduard Bello,8/20/1995,23,152.4,72.1,"RM,RW",Venezuela,71,76,3200000.0,3000.0,Right,1,4,3,Lean,4500000.0,,,,,65,59,36,72,54,71,62,62,64,71,82,84,76,54,72,61,43,79,48,67,41,22,62,72,55,69,40,37,43,66.36,Low,1.0710743801652893,RM,Midfielders,2.8391304347826085,2.7499999999999996,1.623913043478261,2.615217391304348,2.7499999999999996,0.1350882084224982,1.3333333333333333,73.69999999999999,72.39999999999999,22.624999999999996,80.94000000000001,0,0,0,1
S. Walukiewicz,Sebastian Walukiewicz,4/5/2000,18,187.96,79.8,CB,Poland,62,76,575000.0,1000.0,Right,1,2,2,Normal,1100000.0,,,,,23,36,61,57,28,31,27,22,50,47,66,56,40,52,51,50,70,67,74,45,53,61,21,31,38,53,60,66,61,84.807,Low,1.164179104477612,CB,Defenders,2.147222222222222,2.783333333333333,3.502777777777778,2.9555555555555557,3.502777777777778,0.11690604490142013,1.5333333333333334,52.199999999999996,48.8,84.86956521739131,95.48,0,0,0,1
L. Nmecha,Lukas Nmecha,12/14/1998,20,185.42,69.9,ST,England,66,83,1400000.0,3000.0,Right,1,4,3,Normal,3500000.0,,,,,31,69,63,49,44,63,42,33,27,67,75,77,70,58,65,69,73,61,69,51,61,22,62,45,67,54,38,15,17,80.372,High,1.298507462686567,ST,Attackers,3.2674999999999996,2.4375,1.7450000000000003,3.0425000000000004,3.2674999999999996,0.12752965704598965,2.0,66.69999999999999,58.85,42.03571428571429,91.08,2,2,2,1
P. Dawidowicz,Paweł Dawidowicz,5/20/1995,23,187.96,79.8,"CB,CDM",Poland,69,77,1300000.0,4000.0,Right,1,4,2,Normal,,,,,,44,36,66,69,38,60,53,52,67,57,62,70,69,66,62,74,65,74,78,45,78,72,46,66,44,62,67,66,60,72.352,Medium,1.3090909090909089,CB,Defenders,2.278260869565217,2.917391304347826,3.023913043478261,2.8304347826086955,3.023913043478261,0.12584999427701976,1.1818181818181819,65.35,63.1,48.53846153846154,78.66000000000001,1,1,1,0
G. Lajud,Manuel Gibran Lajud Bojalil,12/25/1993,25,154.94,79.8,GK,Mexico,72,76,2900000.0,10000.0,Right,1,1,1,Normal,5100000.0,,,,,12,14,13,28,13,16,15,19,25,21,47,44,33,68,64,20,58,37,64,15,26,18,18,45,23,59,21,14,16,74.57749999999999,Low,1.3487603305785123,GK,Goalkeepers,1.1340000000000001,1.3839999999999997,1.1860000000000002,2.3420000000000005,2.3420000000000005,0.13534854841542152,0.90625,30.35,38.95,13.431034482758623,70.56,0,0,0,1
G. Itter,Gian-Luca Itter,1/5/1999,20,185.42,72.1,LB,Germany,67,84,1500000.0,5000.0,Left,1,2,3,Lean,3400000.0,,,,,68,40,65,69,31,70,63,49,63,68,70,68,67,60,62,63,69,67,58,37,58,64,57,49,41,58,67,68,64,84.20599999999999,High,1.3432835820895521,LB,Defenders,2.92,3.1000000000000005,3.2225,3.09,3.2225,0.12933733871338465,1.8181818181818181,62.599999999999994,62.900000000000006,41.93333333333334,92.46,2,2,2,1
E. Embleton,Elliot Embleton,4/2/1999,19,172.72,64.0,"CM,RM",England,60,76,450000.0,1000.0,Right,1,5,2,Normal,,,,,,48,43,49,62,43,57,49,60,59,61,65,58,62,58,68,62,63,58,52,57,47,49,55,63,51,47,53,53,52,82.308,Low,1.298507462686567,CM,Midfielders,2.865789473684211,3.1236842105263163,2.7552631578947366,2.9499999999999997,3.1236842105263163,0.10859805143797134,1.5789473684210527,60.0,58.45,129.88888888888889,87.6,0,0,0,1
T. Pemberton,Tre Pemberton,1/3/1999,20,175.26,68.0,RW,England,60,78,450000.0,3000.0,Right,1,3,2,Lean,1100000.0,,,,,58,56,51,53,53,62,56,45,48,64,79,77,65,52,70,64,46,55,44,45,39,22,51,54,61,59,23,31,34,77.319,Medium,1.164179104477612,RW,Attackers,2.9675000000000002,2.5175,1.54,2.7575,2.9675000000000002,0.11139434551400829,1.5789473684210527,63.900000000000006,61.199999999999996,136.0,82.8,1,1,1,0
B. Bereszyński,Bartosz Bereszyński,7/12/1992,26,182.88,77.1,RB,Poland,74,77,6000000.0,25000.0,Right,1,3,3,Normal,10700000.0,Poland,77.0,LB,18.0,70,50,60,68,56,68,60,50,62,70,85,87,76,70,72,64,70,79,69,60,74,70,60,60,50,70,66,75,72,77.0,Medium,1.2863705972434916,RB,Defenders,2.4903846153846154,2.6115384615384616,2.696153846153846,2.726923076923077,2.696153846153846,0.14124840692623783,1.0909090909090908,73.85,70.30000000000001,11.716666666666669,66.60000000000001,1,1,1,0
A. Ivan,Andrei Ivan,1/4/1997,22,187.96,81.2,"LM,ST,RW",Romania,69,76,1500000.0,7000.0,Right,1,4,3,Normal,2500000.0,,,,,58,71,65,64,64,72,69,58,56,69,82,80,81,70,75,73,62,76,75,66,64,40,65,61,63,66,29,43,39,83.692,Low,1.3884297520661155,LM,Midfielders,3.252272727272727,2.8272727272727276,2.102272727272727,3.147727272727273,2.8272727272727276,0.12976964087821705,1.3636363636363635,75.5,68.8,45.86666666666667,84.17999999999999,0,0,0,1
Aitor García,Aitor García Flores,3/25/1994,24,175.26,72.1,"ST,LM",Spain,70,76,2500000.0,6000.0,Right,1,3,3,Normal,,,,,,66,73,43,67,59,73,64,52,65,71,80,86,74,70,75,77,67,64,56,65,40,28,69,66,55,60,45,35,34,79.8,Low,1.3884297520661155,ST,Attackers,3.033333333333333,2.5625,1.7666666666666666,2.797916666666667,3.033333333333333,0.12956067205232621,1.3888888888888888,74.35,68.1,27.24,74.2,0,0,0,1
Jorge Mier,Jorge Mier Martínez,2/4/1999,20,175.26,64.9,RB,Spain,61,75,475000.0,1000.0,Right,1,3,2,Lean,1100000.0,,,,,57,29,53,58,30,56,52,53,42,61,75,71,69,54,64,37,61,57,42,48,52,58,48,37,41,45,56,59,62,72.207,Low,1.208955223880597,RB,Defenders,2.5100000000000002,2.635,2.7474999999999996,2.73,2.7474999999999996,0.11325091793924175,1.3571428571428572,57.54999999999999,55.15,116.10526315789474,84.17999999999999,0,0,0,1
M. Flekken,Mark Flekken,6/13/1993,25,193.04,84.8,GK,Netherlands,72,75,2800000.0,12000.0,Right,1,4,1,Normal,5200000.0,,,,,14,16,11,27,14,12,19,12,28,34,28,36,34,64,38,21,54,28,61,11,32,12,14,35,23,24,15,13,20,57.49999999999999,Low,1.2694214876033059,GK,Goalkeepers,0.9440000000000001,1.264,1.0219999999999998,1.84,1.84,0.1354336059086158,0.875,24.249999999999996,30.000000000000004,10.714285714285717,70.56,0,0,0,1
J. Castelletto,Jean-Charles Castelletto,1/26/1995,24,185.42,78.0,CB,Cameroon,69,77,1300000.0,3000.0,Right,1,4,2,Lean,2700000.0,Cameroon,75.0,RCB,15.0,58,18,66,69,32,54,49,23,67,61,75,79,70,65,52,50,88,80,70,26,59,68,56,58,36,62,67,68,67,76.74,Medium,1.2892561983471074,CB,Defenders,2.091666666666667,2.733333333333333,2.8229166666666665,2.845833333333333,2.8229166666666665,0.1280429577915647,1.1818181818181819,61.4,64.30000000000001,49.46153846153847,73.14,1,1,1,0
Lee Jae Sung,이재성 李在成,8/10/1992,26,154.94,69.9,"CAM,CM",Korea Republic,74,76,7000000.0,12000.0,Left,2,4,3,Lean,11700000.0,,,,,65,63,54,77,59,74,65,58,71,71,69,67,79,72,62,61,57,91,55,62,68,56,70,80,44,78,42,58,49,81.51,Low,1.3231240428790199,CAM,Midfielders,2.6692307692307695,2.8692307692307697,2.0942307692307693,2.792307692307692,2.8692307692307697,0.14838236792659676,1.2727272727272727,70.85,75.60000000000001,10.8,66.60000000000001,0,0,0,1
J. Cádiz,Jhonder Leonel Cádiz Fernández,7/29/1995,23,190.5,78.0,ST,Venezuela,69,75,1500000.0,3000.0,Right,1,2,3,Lean,3400000.0,,,,,28,69,72,58,64,67,34,26,44,68,52,63,53,69,50,75,52,67,79,56,72,24,71,46,69,56,25,27,24,72.18400000000001,Low,1.368595041322314,ST,Attackers,2.884782608695652,2.321739130434783,1.641304347826087,2.615217391304348,2.884782608695652,0.13007632304138794,1.3636363636363635,62.699999999999996,57.099999999999994,38.06666666666666,78.66000000000001,0,0,0,1
E. Ceide,Emil Konradsen Ceide,9/3/2001,17,175.26,69.9,RW,Norway,54,77,150000.0,1000.0,Right,1,2,2,Lean,345000.0,,,,,50,46,37,45,50,55,46,40,42,58,83,77,67,36,64,45,45,38,43,42,34,24,51,42,38,43,25,35,37,66.13400000000001,Medium,0.8059701492537312,RW,Attackers,3.1352941176470592,2.4382352941176473,1.826470588235294,2.5941176470588236,3.1352941176470592,0.09823536572280515,1.25,57.2,53.3,355.3333333333333,87.48,1,1,1,0
B. Brereton,Ben Brereton,4/18/1999,19,185.42,74.8,"ST,RM",England,68,82,1900000.0,9000.0,Right,1,2,3,Lean,4900000.0,,,,,62,69,62,58,66,72,68,31,51,66,88,85,75,59,58,67,62,72,69,53,67,36,66,62,70,66,34,50,38,93.40400000000001,Medium,1.3208955223880596,ST,Attackers,3.710526315789474,3.0736842105263156,2.4342105263157894,3.365789473684211,3.710526315789474,0.13389101331193654,2.054054054054054,72.8,67.3,35.421052631578945,99.28,1,1,1,2
T. Mavromatis,Theofanis Mavromatis,1/16/1997,22,185.42,78.0,CB,Greece,68,75,1100000.0,1000.0,Left,1,2,2,Normal,2600000.0,,,,,38,24,66,55,26,35,23,22,56,48,59,62,52,56,55,66,76,60,71,33,69,68,31,45,40,60,68,70,68,70.02799999999999,Low,1.1107438016528925,CB,Defenders,1.7363636363636366,2.454545454545455,3.0795454545454546,2.709090909090909,3.0795454545454546,0.1280590485894019,1.1891891891891893,54.0,53.1,48.27272727272727,82.96,0,0,0,1
Nacho Méndez,Ignacio Méndez Navia Fernández,3/30/1998,20,152.4,73.0,"CM,CDM,CAM",Spain,69,82,2000000.0,4000.0,Left,1,3,3,Lean,4500000.0,,,,,69,57,44,73,53,69,63,70,69,72,67,64,73,65,74,61,55,72,55,54,60,54,65,71,55,69,52,53,50,94.288,Medium,1.4552238805970148,CM,Midfielders,3.215,3.4299999999999997,2.725,3.2950000000000004,3.4299999999999997,0.13443369653943704,1.8181818181818181,64.95,70.85,35.425,95.22,1,1,1,2
J. Dinzeyi,Jonathan Dinzeyi,10/13/1999,19,182.88,83.0,CB,England,61,77,475000.0,5000.0,Right,1,3,2,Lean,1200000.0,,,,,33,26,58,44,37,46,33,33,34,51,66,71,47,41,62,48,68,57,65,30,49,56,30,36,37,42,68,66,63,62.852000000000004,Medium,0.9179104477611939,CB,Defenders,2.107894736842105,2.4131578947368424,3.2289473684210526,2.4342105263157894,3.2289473684210526,0.1144920900198711,1.3571428571428572,52.5,46.550000000000004,98.00000000000001,89.06,1,1,1,0
Casillas,Iker Casillas Fernández,5/20/1981,37,185.42,83.9,GK,Spain,83,83,1700000.0,11000.0,Left,4,2,1,Normal,3500000.0,,,,,13,12,25,21,14,25,25,13,22,23,56,55,62,79,46,28,77,41,70,13,23,22,16,62,24,70,24,11,13,75.85,High,1.412816691505216,GK,Goalkeepers,0.8837837837837836,1.0675675675675675,0.8824324324324324,1.9851351351351352,1.9851351351351352,0.17183379114962896,0.06415094339622641,39.05,47.5,27.941176470588236,74.7,2,2,2,1
S. Uçan,Salih Uçan,1/6/1994,25,182.88,64.9,"CM,CAM",Turkey,72,77,4100000.0,35000.0,Right,1,5,3,Lean,,,,,,69,68,68,74,66,71,74,73,71,72,74,68,76,72,71,71,60,66,52,69,67,68,69,77,67,66,62,64,61,80.385,Medium,1.428099173553719,CM,Midfielders,2.818,2.9019999999999997,2.54,2.76,2.9019999999999997,0.13438882428230986,1.28125,70.45,72.15,17.59756097560976,70.56,1,1,1,0
Vinicius,Caio Vinicius Pirana,5/8/1999,19,187.96,82.1,GK,Brazil,62,77,525000.0,1000.0,Right,1,2,1,Normal,1200000.0,,,,,12,5,10,34,18,22,13,14,32,24,58,58,59,50,54,60,64,36,64,18,16,15,4,30,16,45,15,12,13,73.34,Medium,1.1194029850746268,GK,Goalkeepers,1.25,1.6026315789473686,1.3210526315789475,2.7342105263157896,2.7342105263157896,0.11636900952839357,1.4,45.6,38.55,73.42857142857142,90.52,1,1,1,0
E. Majetschak,Erik Majetschak,3/1/2000,19,185.42,73.0,CM,Germany,60,76,425000.0,3000.0,Right,1,4,2,Lean,988000.0,,,,,52,56,47,70,48,55,56,50,64,61,61,55,64,62,65,57,58,48,49,59,51,41,55,61,62,64,39,44,43,95.304,Low,1.388059701492537,CM,Midfielders,3.0105263157894733,3.1078947368421055,2.3447368421052635,3.2789473684210524,3.1078947368421055,0.111830468828092,1.4912280701754386,56.75,63.4,149.1764705882353,87.6,0,0,0,1
P. Szymiński,Przemysław Szymiński,6/24/1994,24,185.42,76.2,"CB,RB",Poland,70,78,2300000.0,2000.0,Right,1,3,2,Lean,4100000.0,,,,,50,23,68,58,28,57,35,30,53,58,69,67,63,66,68,42,68,71,69,35,70,69,42,49,39,68,74,72,68,80.03999999999998,Medium,1.3090909090909089,CB,Defenders,2.027083333333333,2.479166666666667,2.945833333333333,2.7687500000000003,2.945833333333333,0.1317180436732667,1.2777777777777777,56.7,60.74999999999999,26.413043478260867,74.2,1,1,1,0
P. Micin,Petar Micin,9/29/1998,20,187.96,71.2,"RW,ST,LW",Serbia,66,83,1400000.0,4000.0,Right,1,3,3,Lean,3200000.0,,,,,61,67,55,62,58,71,60,57,55,72,66,68,61,59,53,60,55,53,64,69,41,31,59,65,60,60,35,31,29,84.277,High,1.3208955223880596,RW,Attackers,3.2525,2.9199999999999995,1.9875,2.95,3.2525,0.12714987743763112,2.0,63.6,64.75,46.25,91.08,2,2,2,1
G. Töre,Gökhan Töre,1/20/1992,27,175.26,69.9,"RM,LM",Turkey,76,76,8500000.0,43000.0,Left,2,4,3,Normal,16200000.0,,,,,79,66,59,73,59,80,75,68,76,78,82,84,82,62,80,74,58,66,75,70,78,43,67,71,66,68,45,38,32,67.30499999999999,Low,1.1393568147013784,RM,Midfielders,2.6481481481481484,2.47962962962963,1.812962962962963,2.451851851851852,2.47962962962963,0.15264716892976812,1.1333333333333333,76.30000000000001,74.5,8.764705882352942,68.4,0,0,0,1
J. Sims,Joshua Sims,3/28/1997,21,167.64,64.9,"RW,RM",England,67,77,1200000.0,12000.0,Right,1,4,3,Lean,2600000.0,,,,,61,62,42,66,54,73,58,45,58,68,85,77,83,63,80,64,34,55,51,53,37,20,61,59,67,62,33,31,36,82.69800000000001,Medium,1.2495867768595041,RW,Attackers,3.2452380952380957,2.6785714285714284,1.6642857142857144,2.9214285714285717,3.2452380952380957,0.12717722274127227,1.4545454545454546,68.89999999999999,68.05,56.708333333333336,87.10000000000001,1,1,1,0
A. Díaz,Alejandro Díaz,7/29/1999,19,167.64,59.9,RW,Mexico,57,78,230000.0,2000.0,Right,1,3,2,Lean,621000.0,,,,,56,63,49,54,54,63,49,48,44,61,65,68,50,39,90,73,42,61,33,49,31,20,52,52,67,49,41,28,27,64.6,Medium,0.8731343283582088,RW,Attackers,3.026315789473684,2.5605263157894735,1.6368421052631579,2.3210526315789473,3.026315789473684,0.10443670691503427,1.3529411764705883,62.349999999999994,54.9,238.69565217391303,83.22,1,1,1,0
Grifi,David Grifell Monreal,9/3/2000,18,152.4,72.1,CB,Spain,58,72,230000.0,1000.0,Right,1,3,2,Normal,500000.0,,,,,37,27,57,55,30,28,31,29,53,44,58,57,56,54,59,41,58,54,56,32,61,61,27,36,43,42,55,60,60,80.676,Low,1.208955223880597,CB,Defenders,1.9972222222222225,2.738888888888889,3.211111111111111,2.8499999999999996,3.211111111111111,0.10621917985387162,1.2105263157894737,46.75,46.55,202.39130434782606,89.32000000000001,0,0,0,1
I. Openda,Ikoma Loïs Openda,2/16/2000,19,175.26,74.8,ST,Belgium,66,80,1300000.0,4000.0,Right,1,3,3,Normal,2700000.0,,,,,32,62,56,63,54,64,44,30,33,63,89,86,65,64,77,68,54,58,69,47,33,16,66,56,61,50,30,19,15,89.83200000000001,Medium,1.4328358208955223,ST,Attackers,3.560526315789474,2.831578947368421,1.736842105263158,3.0763157894736843,3.560526315789474,0.12741441592302263,1.8571428571428572,68.5,61.49999999999999,47.3076923076923,96.36,1,1,1,2
B. Davies,Ben Davies,4/24/1993,25,182.88,76.2,LB,Wales,80,82,15000000.0,82000.0,Left,2,3,3,Lean,28900000.0,Wales,75.0,LB,4.0,82,58,67,79,48,76,72,48,70,78,76,74,70,78,68,65,73,85,69,52,76,79,71,75,54,74,78,83,80,88.08999999999999,Medium,1.5471074380165288,LB,Defenders,2.832,3.134,3.1259999999999994,2.994,3.1259999999999994,0.16616035484016778,1.0344827586206897,70.64999999999999,75.69999999999999,5.046666666666666,78.4,1,1,1,2
N. Tsubaki,Naoki Tsubaki,6/23/2000,18,170.18,58.1,"LM,CAM",Japan,58,73,260000.0,1000.0,Right,1,3,2,Normal,488000.0,,,,,59,46,32,58,40,63,46,50,45,56,79,68,60,48,78,51,60,55,40,48,39,25,44,55,47,46,30,36,34,76.626,Low,1.0746268656716418,LM,Midfielders,3.061111111111112,2.816666666666667,1.8638888888888887,2.8333333333333335,2.816666666666667,0.1061208157290069,1.368421052631579,60.0,56.35,216.73076923076923,89.32000000000001,0,0,0,1
G. Kyei,Grejohn Kyei,8/12/1995,23,187.96,83.9,ST,France,68,75,1300000.0,7000.0,Right,1,3,3,Normal,,,,,,40,68,73,62,52,67,51,36,43,65,62,67,61,59,68,68,80,69,88,54,55,19,68,45,72,64,20,23,18,68.04,Low,1.1702479338842975,ST,Attackers,2.847826086956522,2.267391304347826,1.5043478260869565,2.7804347826086953,2.847826086956522,0.12402608131648327,1.4054054054054055,64.2,60.6,46.61538461538461,77.52000000000001,0,0,0,1
M. Christiansen,Max Christiansen,9/25/1996,22,185.42,82.1,"CDM,CM",Germany,68,77,1200000.0,4000.0,Right,1,3,2,Normal,2200000.0,,,,,64,39,63,66,39,60,64,63,65,66,55,64,63,67,64,64,69,76,78,50,71,68,53,64,48,63,65,66,63,80.032,Medium,1.3289256198347108,CDM,Midfielders,2.4386363636363635,3.040909090909091,3.097727272727273,2.977272727272727,3.040909090909091,0.12733284264657,1.2972972972972974,61.85,63.55,52.958333333333336,82.96,1,1,1,0
B. Cooper,Brandon Cooper,1/14/2000,19,185.42,73.9,CB,Wales,60,80,375000.0,2000.0,Right,1,3,2,Lean,1100000.0,,,,,30,29,63,41,37,29,35,28,30,35,55,49,45,49,59,41,63,49,60,27,56,55,33,38,48,46,60,67,66,72.884,Medium,1.0970149253731343,CB,Defenders,1.9315789473684213,2.2657894736842104,3.126315789473684,2.6105263157894734,3.126315789473684,0.11226461383833646,1.3157894736842106,42.6,42.1,112.26666666666667,87.6,1,1,1,0
G. Pereiro,Gastón Rodrigo Pereiro López,6/11/1995,23,187.96,76.2,"CAM,RW",Uruguay,77,82,12000000.0,15000.0,Left,1,2,3,Normal,17700000.0,Uruguay,81.0,SUB,10.0,73,73,73,75,68,79,74,73,70,83,72,75,74,74,56,81,70,67,75,76,57,30,75,77,70,76,36,40,36,83.66400000000002,Medium,1.4677685950413222,CAM,Midfielders,3.2565217391304344,3.0021739130434786,1.9630434782608694,3.217391304347826,3.0021739130434786,0.15291229608055681,1.3333333333333333,75.0,77.15,6.429166666666667,87.78000000000002,1,1,1,2
F. Ugrinic,Filip Ugrinic,1/5/1999,20,182.88,83.9,"CM,CAM,CDM",Switzerland,60,77,450000.0,1000.0,Right,1,3,2,Stocky,934000.0,,,,,62,37,53,64,30,50,52,59,60,59,62,66,63,59,65,55,59,56,69,45,54,62,56,61,41,53,59,62,59,80.79799999999999,Medium,1.3208955223880596,CM,Midfielders,2.555,3.045,3.1,2.89,3.045,0.11073741933977586,1.5789473684210527,56.65,59.25,131.66666666666666,82.8,1,1,1,0
D. Burnić,Dženis Burnić,5/22/1998,20,154.94,69.9,"CDM,CB",Germany,66,78,1000000.0,8000.0,Left,1,3,3,Lean,,,,,,57,41,49,72,47,66,46,39,65,72,69,68,75,66,74,56,70,67,63,37,60,62,47,62,55,54,64,63,61,87.75599999999999,Medium,1.4776119402985073,CDM,Midfielders,2.82,3.3449999999999998,3.165,3.2175,3.3449999999999998,0.1221132880637715,1.4285714285714286,61.449999999999996,66.0,66.0,91.08,1,1,1,0
F. Mayer,Florian Mayer,3/4/1998,21,190.5,87.1,CB,Germany,62,76,600000.0,3000.0,Right,1,3,2,Stocky,1400000.0,,,,,36,31,60,46,29,39,32,32,39,42,54,52,37,49,46,49,67,55,70,23,59,60,28,30,47,42,61,68,67,61.446,Low,0.971900826446281,CB,Defenders,1.8357142857142859,2.1285714285714286,2.9833333333333334,2.276190476190476,2.9833333333333334,0.11519393190746592,1.6,45.0,41.5,69.16666666666667,80.60000000000001,0,0,0,1
M. de Roon,Marten de Roon,3/29/1991,27,185.42,76.2,"CM,CDM",Netherlands,76,76,8000000.0,26000.0,Right,2,3,3,Normal,13600000.0,Netherlands,81.0,RDM,18.0,64,60,70,76,62,68,57,43,74,74,68,68,62,79,70,74,79,90,75,68,79,81,69,72,60,76,79,78,76,81.84750000000001,Low,1.451761102603369,CM,Midfielders,2.5129629629629626,2.8574074074074076,2.912962962962963,2.798148148148148,2.8574074074074076,0.15184071708538652,1.0666666666666667,71.89999999999999,72.69999999999999,9.087499999999999,68.4,0,0,0,1
N. Ferguson,Nathan Ferguson,10/6/2000,18,154.94,69.9,CB,England,60,75,375000.0,2000.0,Right,1,3,2,Normal,947000.0,,,,,35,29,57,43,30,32,30,33,33,37,55,61,47,51,66,41,68,55,59,30,50,62,28,36,45,46,63,64,65,79.78500000000001,Low,1.1417910447761195,CB,Defenders,2.0416666666666665,2.511111111111111,3.4000000000000004,2.8583333333333334,3.4000000000000004,0.11252421961534254,1.3157894736842106,46.25,42.800000000000004,114.13333333333334,92.4,0,0,0,1
A. Miranchuk,Aleksey Miranchuk,10/17/1995,23,182.88,73.9,"CAM,ST",Russia,77,82,12000000.0,1000.0,Left,1,2,3,Lean,26100000.0,Russia,77.0,SUB,15.0,65,64,53,79,62,78,64,53,71,79,71,75,77,74,67,65,58,75,64,65,43,36,72,82,57,70,22,28,29,81.312,Medium,1.4677685950413222,CAM,Midfielders,3.1152173913043475,3.1478260869565218,1.673913043478261,3.0804347826086955,3.1478260869565218,0.15468127112716915,1.3333333333333333,71.39999999999999,76.19999999999999,6.349999999999999,87.78000000000002,1,1,1,2
L. Thomas,Luke Thomas,2/19/1999,20,167.64,66.2,RM,England,62,76,650000.0,3000.0,Right,1,2,3,Lean,,,,,,50,49,45,52,38,68,35,32,35,67,81,83,76,60,78,50,69,62,49,53,35,32,64,55,55,52,29,17,17,81.224,Low,1.3432835820895521,RM,Midfielders,3.16,2.69,1.6425,3.0675,2.69,0.11290989101832481,1.7333333333333334,66.25,61.5,94.61538461538461,85.55999999999999,0,0,0,1
A. Guliev,Ayaz Guliev,2/27/1996,23,170.18,63.0,"CM,CDM",Russia,69,76,1500000.0,1000.0,Right,1,4,3,Lean,3300000.0,,,,,67,58,51,74,47,71,42,55,69,73,78,73,81,68,87,69,59,67,51,67,60,56,55,66,51,55,64,63,64,71.06400000000001,Low,1.3487603305785123,CM,Midfielders,2.832608695652174,2.95,2.617391304347826,2.8130434782608695,2.95,0.1299471582865501,1.3636363636363635,71.74999999999999,68.9,45.93333333333334,78.66000000000001,0,0,0,1
P. Højbjerg,Pierre-Emile Højbjerg,8/5/1995,23,185.42,83.9,"CM,CDM",Denmark,77,82,11500000.0,41000.0,Right,2,4,3,Normal,22700000.0,,,,,66,63,63,79,60,75,69,70,74,79,59,64,68,75,65,84,63,81,78,76,83,74,66,74,51,69,75,74,64,83.10600000000001,Medium,1.4876033057851241,CM,Midfielders,2.947826086956522,3.3391304347826085,3.258695652173913,3.0586956521739133,3.3391304347826085,0.1613834991423418,1.2777777777777777,73.1,72.65,6.317391304347827,87.78000000000002,1,1,1,2
G. Simeone,Gianluca Simeone,7/23/1998,20,154.94,74.8,"ST,CF",Argentina,61,76,550000.0,2000.0,Right,1,3,2,Lean,1200000.0,,,,,38,67,66,50,40,49,41,38,41,56,56,53,56,56,55,63,68,58,70,56,35,25,61,49,66,48,31,25,23,75.544,Low,1.253731343283582,ST,Attackers,2.9,2.415,1.8175000000000001,2.7699999999999996,2.9,0.1136045544383217,1.5714285714285714,56.550000000000004,52.050000000000004,94.63636363636364,84.17999999999999,0,0,0,1
W. Balikwisha,William Balikwisha,5/12/1999,19,175.26,64.9,"RM,LM",Belgium,62,75,575000.0,1000.0,Right,1,3,3,Lean,1200000.0,,,,,59,45,40,64,47,70,53,48,54,67,78,75,81,47,82,59,77,48,48,54,38,24,48,55,53,57,34,16,20,76.76,Low,1.052238805970149,RM,Midfielders,3.005263157894737,2.7842105263157895,1.5999999999999999,3.1368421052631574,2.7842105263157895,0.11636900952839357,1.5333333333333334,65.14999999999999,64.75,112.60869565217392,90.52,0,0,0,1
P. Samiec-Talar,Piotr Samiec-Talar,11/2/2001,17,154.94,69.9,ST,Poland,56,74,180000.0,1000.0,Right,1,3,2,Normal,356000.0,,,,,31,59,66,45,44,55,33,31,34,57,55,54,47,57,68,47,63,54,51,42,58,25,53,45,57,43,31,21,24,89.61200000000001,Low,1.2761194029850746,ST,Attackers,3.288235294117647,2.6999999999999997,1.9176470588235295,3.070588235294118,3.288235294117647,0.1019990121947062,1.2857142857142858,50.35,48.7,270.5555555555556,90.72,0,0,0,1
J. Asoro,Joel Asoro,4/27/1999,19,175.26,74.8,"ST,RW",Sweden,66,81,1400000.0,5000.0,Right,1,3,3,Lean,3500000.0,,,,,41,63,56,60,54,73,51,39,47,66,90,87,75,59,78,65,56,58,58,55,36,18,62,57,60,52,14,17,20,85.956,Medium,1.3208955223880596,ST,Attackers,3.6184210526315788,2.8184210526315794,1.4131578947368422,3.0973684210526318,3.6184210526315788,0.12852598249166144,2.0,71.3,63.55,45.392857142857146,96.36,1,1,1,2
A. Westwood,Ashley Westwood,4/1/1990,28,175.26,73.0,CM,England,76,76,7500000.0,51000.0,Right,1,3,3,Lean,14300000.0,,,,,76,51,59,80,51,69,73,75,79,76,63,55,73,75,78,72,72,80,68,59,72,74,64,77,55,76,76,74,71,75.35,Low,1.3782542113323124,CM,Midfielders,2.267857142857143,2.7589285714285716,2.632142857142857,2.6625,2.7589285714285716,0.14396046332586215,1.0,67.15,75.14999999999999,10.02,68.4,0,0,0,1
F. Ceccherini,Federico Ceccherini,5/11/1992,26,187.96,74.8,CB,Italy,72,77,3400000.0,32000.0,Right,1,2,2,Normal,6100000.0,,,,,15,17,58,58,14,42,13,19,45,56,55,55,59,70,59,15,80,63,86,12,65,72,13,13,13,63,71,75,74,74.305,Medium,1.2863705972434916,CB,Defenders,1.3884615384615384,1.9326923076923077,2.8615384615384616,2.605769230769231,2.8615384615384616,0.13502406867573583,1.0625,40.85,51.8,15.235294117647058,64.8,1,1,1,0
A. Milić,Antonio Milić,3/10/1994,24,187.96,84.8,"CB,LB",Croatia,71,76,2700000.0,10000.0,Left,1,3,2,Normal,4200000.0,,,,,63,34,75,63,37,43,68,70,64,61,42,53,41,68,42,57,45,72,77,42,73,71,45,54,43,62,71,73,69,79.08,Low,1.3487603305785123,CB,Defenders,1.8645833333333333,2.627083333333333,3.0041666666666664,2.4458333333333333,3.0041666666666664,0.1337054060800084,1.125,51.14999999999999,56.6,20.962962962962962,75.26,0,0,0,1
D. Gonzo,Derley Gonzo,2/29/1996,23,175.26,73.0,RM,Paraguay,72,78,,,Right,1,3,3,Normal,,,,,,62,71,56,68,60,76,59,33,59,72,81,85,86,69,83,69,73,72,58,66,51,34,72,69,66,61,30,43,33,74.144,Medium,1.368595041322314,RM,Midfielders,3.202173913043478,2.7934782608695654,1.841304347826087,3.032608695652174,2.7934782608695654,0.0,,75.6,70.5,,82.08000000000001,1,1,1,0
A. N'Diaye,Alfred John Momar N'Diaye,3/6/1990,29,187.96,89.8,"CDM,CM",Senegal,76,77,7000000.0,28000.0,Right,1,3,3,Stocky,,,,,,63,49,58,77,37,65,40,32,75,76,65,76,61,70,60,73,66,73,90,62,78,74,59,70,54,67,73,74,73,68.95,Medium,1.2863705972434916,CDM,Midfielders,2.0879310344827586,2.536206896551724,2.6120689655172415,2.31551724137931,2.536206896551724,0.1408049931976926,0.9333333333333333,68.6,70.4,10.057142857142859,68.4,1,1,1,0
R. van Drongelen,Rick van Drongelen,12/20/1998,20,185.42,81.2,"CB,LB",Netherlands,71,83,3600000.0,4000.0,Left,1,4,2,Normal,6500000.0,,,,,46,20,70,67,35,44,44,50,65,60,64,68,55,60,57,29,75,65,79,24,63,67,22,56,48,59,73,75,69,84.70299999999999,High,1.3432835820895521,CB,Defenders,1.95,3.1149999999999998,3.5799999999999996,3.06,3.5799999999999996,0.13998069088344325,1.5,48.849999999999994,60.099999999999994,16.694444444444443,97.97999999999999,2,2,2,1
W. Zimmerman,Walker Zimmerman,5/19/1993,25,190.5,88.9,CB,United States,72,76,3400000.0,6000.0,Right,1,3,2,Normal,5300000.0,United States,74.0,SUB,5.0,39,52,78,67,49,42,33,38,66,63,56,65,47,67,43,57,78,76,83,40,82,70,48,37,56,64,70,68,63,75.8425,Low,1.3289256198347108,CB,Defenders,2.062,2.41,2.846,2.59,2.846,0.13551699128971506,1.0625,55.85,57.65,16.955882352941178,70.56,0,0,0,1
A. Samuels,Austin Samuels,11/20/2000,18,175.26,74.8,ST,England,54,77,150000.0,4000.0,Right,1,4,3,Normal,435000.0,,,,,31,51,45,44,49,55,43,34,42,54,79,77,74,48,75,58,57,32,47,50,28,16,46,45,54,49,23,16,16,78.32700000000001,Medium,1.0746268656716418,ST,Attackers,3.0416666666666665,2.263888888888889,1.4222222222222223,2.975,3.0416666666666665,0.09836756217722922,1.25,60.199999999999996,54.4,362.6666666666667,83.16,1,1,1,0
T. Figueroa,Francisco Antonio Figueroa Díaz,6/13/1999,19,172.72,54.9,"LW,RW",Mexico,64,76,775000.0,4000.0,Left,1,3,4,Lean,1500000.0,,,,,60,58,41,67,56,71,50,41,53,62,68,72,83,56,87,68,56,64,28,53,29,20,64,55,63,45,15,32,30,79.268,Low,1.253731343283582,LW,Attackers,3.35,2.884210526315789,1.3973684210526316,2.9868421052631584,3.35,0.12107651891647395,1.4761904761904763,67.55000000000001,60.14999999999999,77.61290322580643,93.44,0,0,0,1
Y. Toyokawa,豊川 雄太,9/9/1994,24,170.18,64.0,ST,Japan,71,75,3100000.0,8000.0,Right,1,3,3,Lean,4800000.0,,,,,45,73,67,66,70,66,67,70,28,67,88,77,87,76,84,68,84,71,42,67,33,16,77,59,56,57,19,13,19,83.21999999999998,Low,1.5074380165289256,ST,Attackers,3.1145833333333335,2.433333333333333,1.0791666666666668,3.047916666666666,3.1145833333333335,0.13428948013113648,1.2916666666666667,74.35,67.25,21.693548387096772,75.26,0,0,0,1
S. El Shaarawy,Stephan El Shaarawy,10/27/1992,26,152.4,72.1,LW,Italy,81,82,21000000.0,77000.0,Right,3,3,5,Lean,37300000.0,,,,,75,78,51,74,83,84,83,63,57,86,87,88,85,72,81,74,60,68,54,74,54,36,78,73,67,72,59,30,25,79.2,Medium,1.3231240428790199,LW,Attackers,3.075,2.6557692307692307,1.7903846153846155,2.7750000000000004,3.075,0.17574530141316277,1.135135135135135,79.25,78.75000000000001,3.750000000000001,72.9,1,1,1,2
M. Batmaz,Malik Batmaz,3/17/2000,18,154.94,77.1,ST,Turkey,60,73,375000.0,1000.0,Right,1,3,2,Normal,778000.0,,,,,24,64,55,41,61,63,48,26,33,60,67,66,71,53,75,62,62,52,51,55,29,19,57,37,56,43,21,18,16,80.19000000000001,Low,1.1865671641791045,ST,Attackers,3.3972222222222217,2.3250000000000006,1.525,3.0027777777777778,3.3972222222222217,0.11171764232301815,1.3157894736842106,61.8,51.25000000000001,136.66666666666669,92.4,0,0,0,1
Y. Eteki,Yan Brice Eteki,8/26/1997,21,152.4,67.1,"CDM,CM,CB",Cameroon,68,78,1300000.0,3000.0,Right,1,3,2,Normal,2200000.0,,,,,51,50,44,72,37,61,48,42,69,64,61,71,76,64,79,71,81,72,76,54,62,66,54,66,52,61,63,68,57,83.09400000000001,Medium,1.2694214876033059,CDM,Midfielders,2.7285714285714286,3.2190476190476196,3.1928571428571426,3.211904761904762,3.2190476190476196,0.12834342076281263,1.4054054054054055,66.6,65.64999999999999,50.49999999999999,88.4,1,1,1,0
M. Mittelstädt,Maximilian Mittelstädt,3/18/1997,21,152.4,68.9,"LM,LB,LW",Germany,72,82,5000000.0,14000.0,Left,1,3,3,Lean,9500000.0,,,,,77,59,69,73,41,76,69,35,71,74,79,77,75,66,76,60,72,67,53,55,62,69,58,57,37,59,62,72,66,83.886,Medium,1.3090909090909089,LM,Midfielders,3.1952380952380954,3.2023809523809526,3.1095238095238096,3.1500000000000004,3.2023809523809526,0.14253662764883446,1.5625,68.8,68.15,13.63,93.60000000000001,1,1,1,2
J. Vestergaard,Jannik Vestergaard,8/3/1992,26,198.12,98.0,CB,Denmark,79,80,12500000.0,48000.0,Right,2,4,2,Normal,24700000.0,Denmark,78.0,SUB,3.0,46,34,85,67,28,44,41,52,80,54,35,38,29,78,28,83,33,54,91,47,84,83,46,60,75,77,77,83,77,85.415,Medium,1.4333843797856047,CB,Defenders,1.755769230769231,2.519230769230769,3.161538461538462,2.4461538461538463,3.161538461538462,0.16200377690160525,1.0,50.0,58.199999999999996,4.656,71.10000000000001,1,1,1,2
G. Corbo,Gabriele Corbo,1/11/2000,19,185.42,76.2,CB,Italy,60,80,375000.0,2000.0,Right,1,2,2,Lean,1000000.0,,,,,36,10,62,40,30,40,32,28,40,42,54,55,54,44,60,52,78,64,64,36,44,58,18,27,38,54,58,68,68,72.2,Medium,0.9850746268656715,CB,Defenders,1.6210526315789475,2.2394736842105267,3.1578947368421053,2.8210526315789473,3.1578947368421053,0.11187936193342701,1.3157894736842106,51.15,44.849999999999994,119.59999999999998,87.6,1,1,1,0
N. Barona,Neider Barona,7/11/1997,21,175.26,64.9,LM,Colombia,62,77,675000.0,1000.0,Right,1,2,3,Lean,1300000.0,,,,,58,50,44,57,44,64,48,39,48,63,75,79,73,57,76,55,62,65,43,35,28,17,59,51,51,55,47,29,29,74.316,Medium,1.130578512396694,LM,Midfielders,2.8619047619047615,2.4380952380952383,1.6857142857142857,2.8357142857142854,2.4380952380952383,0.11489192521011637,1.8,62.800000000000004,60.5,89.62962962962962,80.60000000000001,1,1,1,0
B. Garnica,Brayan Garnica,5/27/1996,22,167.64,55.8,RM,Mexico,70,76,2400000.0,10000.0,Right,1,3,3,Lean,4600000.0,,,,,70,68,40,70,52,71,50,40,62,71,79,81,86,61,84,71,52,76,56,58,40,32,63,59,50,66,33,31,30,76.55499999999999,Low,1.2099173553719007,RM,Midfielders,3.1068181818181824,2.790909090909091,1.75,2.95,2.790909090909091,0.134347312040833,1.3333333333333333,74.0,70.10000000000001,29.20833333333334,85.39999999999999,0,0,0,1
A. Rizzo,Agostino Rizzo,3/24/1999,19,154.94,73.0,"LM,RM,RB",Italy,59,78,325000.0,1000.0,Right,1,4,4,Lean,723000.0,,,,,56,46,55,59,51,61,60,57,53,58,76,76,65,54,61,52,53,51,55,46,53,54,52,55,58,52,51,53,53,81.01599999999999,Medium,1.208955223880597,LM,Midfielders,2.981578947368421,2.936842105263158,2.7973684210526315,2.8894736842105266,2.936842105263158,0.1087156327777498,1.4130434782608696,60.35,58.7,180.6153846153846,86.14,1,1,1,0
Artur,José Artur de Lima Junior,3/11/1996,22,154.94,69.9,"CDM,CM",Brazil,71,76,2700000.0,5000.0,Right,1,2,3,Normal,4200000.0,,,,,51,49,59,71,42,72,49,59,68,73,65,72,77,70,69,59,62,85,69,47,74,67,60,57,57,68,69,71,67,84.54599999999999,Low,1.3884297520661155,CDM,Midfielders,2.840909090909091,3.1136363636363638,3.1409090909090907,3.147727272727273,3.1136363636363638,0.13586194488775044,1.125,67.05,68.65,25.425925925925927,86.62,0,0,0,1
A. Zekaj,Arton Zekaj,4/16/2000,18,187.96,83.0,CDM,Serbia,61,76,475000.0,2000.0,Right,1,3,2,Lean,1200000.0,,,,,50,43,58,65,35,55,44,48,60,56,62,63,57,58,50,58,53,67,72,38,63,49,42,52,51,49,62,59,63,88.85700000000001,Low,1.298507462686567,CDM,Midfielders,2.8277777777777775,3.1944444444444446,3.283333333333333,3.0222222222222226,3.1944444444444446,0.11537962560142047,1.3571428571428572,57.3,55.7,117.26315789473685,93.94,0,0,0,1
M. Wolf,Marius Wolf,5/27/1995,23,187.96,82.1,"RM,CM,LM,RB",Germany,77,81,11500000.0,41000.0,Right,2,4,3,Lean,20400000.0,,,,,75,75,60,73,62,78,69,71,61,77,83,84,68,73,67,74,53,86,72,67,73,64,74,74,52,68,67,54,51,81.22500000000001,Medium,1.4479338842975207,RM,Midfielders,3.323913043478261,3.2086956521739127,2.7978260869565217,2.9456521739130435,3.2086956521739127,0.16087375773143558,1.2777777777777777,77.39999999999999,73.39999999999999,6.3826086956521735,87.78000000000002,1,1,1,2
Iván Villar,Iván Villar Martínez,7/9/1997,21,187.96,78.9,GK,Spain,68,75,950000.0,4000.0,Right,1,2,1,Lean,2200000.0,,,,,13,12,16,23,12,21,20,15,22,17,32,33,38,67,37,21,52,30,52,15,18,18,12,46,23,46,10,15,15,78.73800000000001,Low,1.3289256198347108,GK,Goalkeepers,1.2142857142857142,1.5333333333333334,1.2023809523809523,2.5761904761904764,2.5761904761904764,0.12834342076281263,1.027027027027027,26.6,33.1,34.8421052631579,88.4,0,0,0,1
M. Spielmann,Marvin Spielmann,2/23/1996,23,182.88,73.0,"LM,ST",Switzerland,69,76,1500000.0,7000.0,Right,1,3,3,Normal,2400000.0,,,,,62,75,59,63,61,70,68,64,59,73,84,86,77,54,65,75,53,68,57,70,45,30,69,58,62,64,35,34,35,64.4,Low,1.0710743801652893,LM,Midfielders,3.0760869565217392,2.517391304347826,1.6826086956521737,2.6217391304347823,2.517391304347826,0.12856122979075235,1.3636363636363635,75.9,68.50000000000001,45.66666666666668,78.66000000000001,0,0,0,1
M. Ingvartsen,Marcus Ingvartsen,1/4/1996,23,185.42,83.9,ST,Denmark,70,76,2500000.0,9000.0,Left,1,3,3,Normal,4200000.0,,,,,59,71,68,59,70,64,51,45,52,68,68,73,68,67,73,67,67,67,75,63,40,24,75,52,63,66,32,30,24,74.64800000000001,Low,1.3289256198347108,ST,Attackers,3.0,2.3891304347826092,1.715217391304348,2.9065217391304343,3.0,0.1328853138573459,1.3888888888888888,67.25,63.75,25.5,79.80000000000001,0,0,0,1
E. Ndoj,Emanuele Ndoj,11/20/1996,22,187.96,73.9,CM,Albania,67,77,1200000.0,1000.0,Right,1,3,3,Lean,2200000.0,,,,,57,47,61,71,47,66,49,51,67,68,70,73,64,67,62,63,62,74,65,57,64,64,52,66,48,65,64,67,66,80.88600000000001,Medium,1.3289256198347108,CM,Midfielders,2.690909090909091,3.097727272727273,2.963636363636364,2.963636363636364,3.097727272727273,0.125460300842944,1.4545454545454546,66.7,67.19999999999999,55.99999999999999,81.74,1,1,1,0
K. Bare,Keidi Bare,8/28/1997,21,175.26,72.1,"CM,CDM",Albania,68,76,1300000.0,3000.0,Right,1,3,3,Normal,2400000.0,,,,,58,59,55,73,42,68,53,43,71,71,70,67,69,67,73,55,58,69,67,58,61,64,61,64,45,63,62,57,57,86.592,Low,1.3289256198347108,CM,Midfielders,3.0714285714285716,3.2428571428571424,2.9761904761904763,3.0833333333333335,3.2428571428571424,0.12872519193889126,1.4054054054054055,64.3,67.94999999999999,52.26923076923076,88.4,0,0,0,1
A. Ring,Alexander Ring,4/9/1991,27,152.4,73.0,"CDM,CM,CB",Finland,75,78,6500000.0,8000.0,Right,1,3,3,Normal,10200000.0,,,,,66,56,54,75,66,73,70,63,72,73,79,73,78,72,75,73,78,77,74,66,82,75,63,63,59,70,74,76,71,74.86500000000001,Medium,1.3231240428790199,CDM,Midfielders,2.5,2.6518518518518523,2.761111111111111,2.7111111111111112,2.6518518518518523,0.14177369447418126,0.9285714285714286,73.95,72.15,11.100000000000001,67.5,1,1,1,0
D. Calvert-Lewin,Dominic Calvert-Lewin,3/16/1997,21,187.96,71.2,"ST,LM",England,75,82,9500000.0,60000.0,Right,1,3,3,Lean,20000000.0,,,,,63,69,78,68,63,76,51,42,40,75,80,86,73,74,64,76,79,77,77,61,70,34,75,62,54,66,38,31,23,93.98400000000001,Medium,1.4677685950413222,ST,Attackers,3.5404761904761903,3.0452380952380955,2.1285714285714286,3.4380952380952383,3.5404761904761903,0.15187644766893718,1.3571428571428572,75.7,70.05,7.373684210526315,97.5,1,1,1,2
K. Trapp,Kevin Trapp,7/8/1990,28,187.96,86.2,GK,Germany,81,82,14000000.0,65000.0,Right,2,4,1,Normal,,,,,,13,13,11,25,12,10,14,12,12,24,45,52,42,80,37,22,75,45,73,13,30,22,12,46,17,62,15,14,10,73.7,Medium,1.4701378254211332,GK,Goalkeepers,0.9607142857142856,1.3267857142857145,1.1321428571428571,2.433928571428571,2.433928571428571,0.1606343527723698,0.7567567567567568,32.849999999999994,40.85,2.917857142857143,72.9,1,1,1,2
R. Marin,Răzvan Marin,5/23/1996,22,175.26,69.9,"CM,CDM",Romania,76,82,10500000.0,15000.0,Right,1,4,4,Normal,17900000.0,Romania,72.0,SUB,5.0,76,68,55,77,73,76,78,76,81,76,71,68,73,67,70,84,65,79,65,78,66,70,75,76,68,71,65,59,57,83.44800000000001,Medium,1.3289256198347108,CM,Midfielders,3.2590909090909093,3.397727272727273,2.9522727272727276,3.127272727272727,3.397727272727273,0.15218503761314672,1.4,76.1,74.1,7.057142857142857,92.72,1,1,1,2
Ibañez,Roger Ibañez Da Silva,11/23/1998,20,185.42,79.8,CB,Brazil,61,75,500000.0,2000.0,Right,1,2,2,Normal,1200000.0,,,,,34,27,61,39,29,35,32,35,36,39,63,55,43,49,54,45,68,55,65,25,48,59,32,34,46,51,56,70,72,70.574,Low,1.0970149253731343,CB,Defenders,1.935,2.1675,3.045,2.5774999999999997,3.045,0.1136045544383217,1.4285714285714286,46.5,44.05,88.1,84.17999999999999,0,0,0,1
K. Andrić,Komnen Andrić,7/1/1995,23,187.96,84.8,ST,Serbia,70,74,2400000.0,1000.0,Right,1,3,3,Normal,5300000.0,,,,,38,70,69,64,51,65,50,41,36,71,67,64,62,70,47,69,68,63,85,63,39,16,73,57,70,66,21,15,15,76.83200000000001,Low,1.3884297520661155,ST,Attackers,2.9956521739130437,2.4608695652173913,1.423913043478261,2.926086956521739,2.9956521739130437,0.13389494961438653,1.3333333333333333,65.05,65.3,27.208333333333332,79.80000000000001,0,0,0,1
J. Calleri,Jonathan Calleri,9/23/1993,25,154.94,77.1,ST,Argentina,77,82,12000000.0,24000.0,Right,1,2,4,Normal,26100000.0,,,,,56,76,83,66,71,74,57,35,58,75,71,72,72,77,79,78,83,74,71,69,65,37,79,67,62,74,55,39,32,87.3425,Medium,1.5272727272727271,ST,Attackers,3.02,2.606,2.044,3.05,3.02,0.15220637078913443,1.3333333333333333,73.10000000000001,71.49999999999999,5.958333333333332,75.46,1,1,1,2
G. Rojas,Gabriel Rojas,6/22/1997,21,172.72,68.0,LB,Argentina,66,78,1000000.0,4000.0,Left,1,3,3,Lean,1700000.0,,,,,66,45,41,60,49,68,56,51,51,65,72,80,78,63,72,56,64,75,61,59,61,63,62,55,50,64,62,66,64,83.622,Medium,1.2495867768595041,LB,Defenders,2.8999999999999995,2.9404761904761907,3.0095238095238095,3.1285714285714286,3.0095238095238095,0.12346410559729325,1.4285714285714286,68.7,64.5,64.5,85.8,1,1,1,0
B. Mines,Benjamin Mines,5/13/2000,18,175.26,68.0,"RM,CAM",United States,59,78,325000.0,1000.0,Right,1,3,2,Normal,691000.0,,,,,45,45,46,61,40,61,48,49,53,59,73,72,71,58,70,46,52,65,41,40,59,42,60,51,44,47,51,43,42,87.72300000000001,Medium,1.298507462686567,RM,Midfielders,3.230555555555556,3.0805555555555557,2.552777777777778,3.0972222222222223,3.0805555555555557,0.109374424688086,1.4130434782608696,59.900000000000006,57.7,177.53846153846155,90.86,1,1,1,0
P. Sontheimer,Patrick Sontheimer,7/3/1998,20,167.64,64.9,CM,Germany,65,76,900000.0,1000.0,Right,1,2,3,Normal,,,,,,57,45,28,69,46,64,57,40,67,68,68,68,82,62,91,51,61,78,44,36,68,61,52,63,49,66,59,58,62,90.028,Low,1.388059701492537,CM,Midfielders,2.8575,3.3175,2.865,3.3024999999999998,3.3175,0.1198036315028438,1.5,62.300000000000004,68.30000000000001,75.8888888888889,89.69999999999999,0,0,0,1
V. Salazar,Víctor Salazar,5/26/1993,25,175.26,67.1,"RB,RWB",Argentina,72,77,3400000.0,13000.0,Right,1,2,3,Lean,5400000.0,,,,,60,47,52,67,35,70,47,35,62,65,91,91,88,66,80,55,64,85,63,49,76,64,58,43,36,55,63,75,71,71.4725,Medium,1.3090909090909089,RB,Defenders,2.576,2.478,2.662,2.628,2.662,0.13559876812586122,1.0625,74.2,64.39999999999999,18.941176470588232,70.56,1,1,1,0
K. Bennetts,Keanan Bennetts,3/9/1999,20,182.88,73.0,"LM,RM,LB",England,60,78,450000.0,2000.0,Left,1,4,2,Normal,1000000.0,,,,,60,51,34,52,55,66,65,73,55,64,79,79,66,46,73,67,46,54,62,46,45,41,45,47,70,40,31,48,43,62.33800000000001,Medium,1.0298507462686566,LM,Midfielders,2.85,2.525,2.195,2.3600000000000003,2.525,0.1110120800579741,1.5789473684210527,65.3,55.349999999999994,122.99999999999999,82.8,1,1,1,0
F. Avenatti,Felipe Nicolás Avenatti,4/26/1993,25,195.58,86.2,"ST,CF,CAM",Uruguay,72,75,4000000.0,23000.0,Left,1,2,3,Lean,,,,,,30,74,73,72,67,70,48,30,60,72,55,62,34,68,33,69,64,65,88,63,44,16,73,64,62,72,20,13,13,79.81,Low,1.3487603305785123,ST,Attackers,2.762,2.42,1.29,2.54,2.762,0.134279811794629,1.25,60.95,65.3,16.325,70.56,0,0,0,1
B. Acosta,Bryan Acosta,11/24/1993,25,175.26,73.0,"CAM,CDM,RM,CM",Honduras,72,76,4100000.0,6000.0,Right,1,3,3,Normal,6400000.0,,,,,56,62,63,70,44,64,49,73,74,68,83,88,81,72,87,86,72,84,78,79,84,68,69,75,62,68,66,67,62,81.18999999999998,Low,1.428099173553719,CAM,Midfielders,2.742,2.89,2.766,2.886,2.89,0.13633981605202708,1.28125,81.80000000000001,72.15,17.59756097560976,70.56,0,0,0,1
R. Hutchinson,Reece Hutchinson,4/14/2000,18,152.4,74.8,LB,England,59,77,290000.0,1000.0,Left,1,3,2,Lean,689000.0,,,,,58,22,44,54,24,57,29,31,37,55,71,68,58,55,66,24,62,69,58,24,50,53,44,33,35,42,54,58,56,81.72900000000001,Medium,1.2313432835820894,LB,Defenders,2.636111111111111,2.797222222222222,3.0805555555555557,2.922222222222222,3.0805555555555557,0.10936263506265706,1.2608695652173914,51.10000000000001,50.199999999999996,173.10344827586206,90.86,1,1,1,0
K. Schindler,Kingsley Schindler,7/12/1993,25,154.94,77.1,"RM,ST",Ghana,73,75,4900000.0,10000.0,Right,1,4,3,Normal,8300000.0,,,,,72,75,48,66,53,70,56,41,57,68,86,84,74,69,72,69,80,74,72,59,41,40,75,68,65,58,46,48,40,74.9225,Low,1.368595041322314,RM,Midfielders,2.98,2.56,2.048,2.7239999999999998,2.56,0.13937518877483598,1.2564102564102564,73.65,67.6,13.795918367346937,71.53999999999999,0,0,0,1
M. Romeo,Mahlon Beresford Baker Romeo,9/19/1995,23,152.4,73.0,RB,Antigua & Barbuda,69,77,1300000.0,6000.0,Right,1,3,3,Lean,2800000.0,,,,,64,47,56,63,29,68,55,35,61,64,79,79,75,62,72,57,76,75,67,39,60,67,62,63,48,60,68,69,68,68.656,Medium,1.2297520661157024,RB,Defenders,2.7086956521739127,2.819565217391304,2.9239130434782608,2.845652173913044,2.9239130434782608,0.12923395816780184,1.1818181818181819,66.5,65.30000000000001,50.23076923076924,78.66000000000001,1,1,1,0
Arana,Guilherme Arana Lopes,4/14/1997,21,175.26,68.0,"LM,LB",Brazil,74,82,8500000.0,11000.0,Left,1,2,3,Normal,19600000.0,,,,,77,59,61,75,47,75,68,49,67,75,77,78,72,75,76,69,64,76,64,61,69,71,66,61,52,58,67,70,70,91.146,Medium,1.4876033057851241,LM,Midfielders,3.3095238095238093,3.380952380952381,3.2904761904761903,3.2285714285714286,3.380952380952381,0.149761360234889,1.5454545454545454,72.3,68.55,8.064705882352941,96.2,1,1,1,2
A. Bamba,Axel Bamba,7/6/1999,19,182.88,84.8,"CB,CDM",Ivory Coast,60,79,375000.0,1000.0,Right,1,3,2,Normal,891000.0,,,,,32,27,56,53,28,47,36,29,48,51,53,52,48,48,55,41,64,55,76,35,60,56,33,40,44,44,65,57,56,70.83200000000001,Medium,1.0746268656716418,CB,Defenders,2.1184210526315788,2.6105263157894734,3.194736842105263,2.589473684210527,3.194736842105263,0.11141107822783651,1.3157894736842106,46.95,47.8,127.46666666666665,87.6,1,1,1,0
W. Ben Yedder,Wissam Ben Yedder,8/12/1990,28,170.18,68.0,ST,France,82,82,23500000.0,28000.0,Right,2,5,4,Normal,49400000.0,,,,,74,84,74,78,78,84,80,76,66,83,87,83,91,83,87,79,81,69,60,69,55,44,87,79,76,84,34,33,26,83.35,Medium,1.5252679938744258,ST,Attackers,3.0321428571428575,2.625,1.6089285714285713,3.0071428571428576,3.0321428571428575,0.1687330856395011,1.0930232558139534,79.50000000000001,83.1,3.536170212765957,73.8,1,1,1,2
Sabin Merino,Sabin Merino Zuloaga,1/4/1992,27,187.96,74.8,"LW,ST,RW",Spain,74,74,6000000.0,22000.0,Right,1,3,4,Normal,,,,,,72,75,80,71,71,80,67,66,62,76,69,78,61,71,44,64,62,53,66,71,60,46,77,73,69,76,61,55,43,76.3875,Low,1.3047473200612558,LW,Attackers,2.7833333333333337,2.4703703703703703,2.1296296296296298,2.57962962962963,2.7833333333333337,0.137564413035283,1.0909090909090908,67.55,72.60000000000001,12.100000000000001,66.60000000000001,0,0,0,1
D. Plechatý,Dominik Plechatý,4/18/1999,19,182.88,74.8,"CB,RB",Czech Republic,60,75,400000.0,1000.0,Right,1,2,2,Lean,1100000.0,,,,,34,23,61,54,31,40,35,27,51,50,63,66,59,56,55,53,50,55,67,36,67,60,36,30,23,42,52,59,57,77.672,Low,1.253731343283582,CB,Defenders,2.1473684210526316,2.557894736842105,3.0736842105263156,2.7026315789473685,3.0736842105263156,0.11226461383833646,1.4035087719298245,53.5,47.8,119.49999999999999,87.6,0,0,0,1
T. Eyoma,Timothy Eyoma,1/29/2000,19,182.88,76.2,"CB,RB",England,61,79,475000.0,5000.0,Right,1,3,2,Normal,1200000.0,,,,,56,32,59,50,33,51,43,34,37,55,67,62,51,51,45,37,62,65,64,32,56,57,57,39,49,43,66,64,62,73.264,Medium,1.1417910447761195,CB,Defenders,2.6236842105263154,2.6657894736842103,3.2342105263157896,2.6447368421052633,3.2342105263157896,0.1144920900198711,1.3571428571428572,51.5,49.650000000000006,104.5263157894737,89.06,1,1,1,0
B. Nygren,Benjamin Nygren,7/8/2001,17,182.88,73.0,ST,Sweden,56,73,180000.0,1000.0,Left,1,3,2,Normal,338000.0,,,,,38,60,52,48,35,47,37,30,36,55,66,63,60,48,61,52,68,61,61,48,32,14,57,48,58,43,18,16,18,79.55000000000001,Low,1.0746268656716418,ST,Attackers,3.25,2.661764705882353,1.526470588235294,3.0176470588235293,3.25,0.1017917957037231,1.2857142857142858,56.800000000000004,51.5,286.11111111111114,90.72,0,0,0,1
Álvaro García,Álvaro García Segovia,6/1/2000,18,182.88,69.9,"CM,CDM",Spain,60,76,425000.0,1000.0,Left,1,3,2,Lean,946000.0,,,,,43,37,55,70,42,56,44,42,67,57,68,64,61,55,62,65,59,64,52,45,65,50,58,51,48,44,56,55,60,82.863,Low,1.2313432835820894,CM,Midfielders,2.9611111111111112,3.233333333333333,2.9749999999999996,2.9555555555555557,3.233333333333333,0.11251989993540641,1.4912280701754386,60.85,56.3,132.47058823529412,92.4,0,0,0,1
Ayrton,Ayrton Lucas Dantas de Medeiros,6/19/1997,21,154.94,72.1,LB,Brazil,72,83,4700000.0,1000.0,Left,1,2,3,Lean,10700000.0,,,,,71,48,60,68,46,77,68,56,56,71,86,83,77,70,76,56,80,89,70,52,72,62,59,54,44,70,67,69,68,92.4,High,1.3884297520661155,LB,Defenders,3.1642857142857146,3.1595238095238094,3.1904761904761907,3.4547619047619045,3.1904761904761907,0.14306329562843587,1.46875,73.10000000000001,69.85,14.861702127659573,93.60000000000001,2,2,2,1
D. Ward,Danny Ward,6/22/1993,25,190.5,88.0,GK,Wales,73,76,3500000.0,32000.0,Right,1,3,1,Normal,7000000.0,Wales,75.0,SUB,12.0,13,11,13,30,13,19,15,14,42,23,46,44,38,70,53,25,64,22,60,16,25,20,7,38,20,56,8,20,18,74.86499999999998,Low,1.3884297520661155,GK,Goalkeepers,1.0519999999999998,1.306,1.12,2.404,2.404,0.13862807389496512,0.8974358974358975,29.9,38.35,10.957142857142857,71.53999999999999,0,0,0,1
M. Ducksch,Marvin Ducksch,3/7/1994,25,187.96,78.9,ST,Germany,72,76,4100000.0,20000.0,Right,1,3,3,Lean,7700000.0,,,,,61,73,72,63,73,64,72,67,42,71,66,68,63,74,62,74,71,66,74,66,55,29,74,53,49,65,27,35,22,81.47749999999999,Low,1.4677685950413222,ST,Attackers,2.802,2.32,1.65,2.7680000000000002,2.802,0.13714184011614627,1.28125,67.4,64.3,15.682926829268293,70.56,0,0,0,1
J. Pourtau,Jerónimo Pourtau,1/23/2000,19,193.04,87.1,GK,Argentina,58,78,210000.0,1000.0,Right,1,3,1,Normal,525000.0,,,,,12,6,12,22,7,6,13,10,27,10,17,17,33,45,43,25,59,27,49,5,28,14,6,36,15,37,14,12,13,64.144,Medium,1.007462686567164,GK,Goalkeepers,0.7105263157894737,1.3315789473684212,1.1500000000000001,2.2578947368421054,2.2578947368421054,0.1055978744374126,1.105263157894737,18.8,25.45,121.19047619047619,84.67999999999999,1,1,1,0
N. Barrios,Cristian Nahuel Barrios,5/7/1998,20,154.94,58.1,"LM,CAM",Argentina,69,82,2000000.0,7000.0,Right,1,3,3,Normal,4300000.0,,,,,63,58,47,73,51,73,63,45,65,70,83,71,70,65,94,65,62,51,28,60,42,26,57,67,57,65,44,40,51,92.3,Medium,1.4552238805970148,LM,Midfielders,3.3175,3.05,1.9100000000000001,3.2649999999999997,3.05,0.13423407581442431,1.8181818181818181,67.05,70.05,35.025,95.22,1,1,1,2
P. Roberts,Patrick Roberts,2/5/1997,22,170.18,66.2,"RM,ST",England,74,82,8500000.0,60000.0,Left,1,3,4,Lean,,,,,,66,68,44,73,52,81,66,49,65,78,79,76,90,63,90,65,44,60,33,67,38,21,71,76,62,76,37,18,19,82.411,Medium,1.2495867768595041,RM,Midfielders,3.3068181818181817,2.9272727272727277,1.375,3.0954545454545452,2.9272727272727277,0.14483851207087797,1.5454545454545454,72.39999999999999,77.75,9.147058823529411,90.28,1,1,1,2
Y. Ideguchi,井手 口陽介,8/23/1996,22,170.18,71.2,"CDM,CM",Japan,68,78,1300000.0,11000.0,Right,1,3,3,Normal,,,,,,63,62,43,69,33,66,37,55,67,67,66,74,64,63,75,58,71,86,68,67,58,67,57,68,44,57,67,65,61,74.298,Medium,1.2495867768595041,CDM,Midfielders,2.852272727272727,3.147727272727273,3.0113636363636362,2.8431818181818183,3.147727272727273,0.12501828996701514,1.4054054054054055,68.55,64.55,49.65384615384615,82.96,1,1,1,0
M. Baku,Makana Baku,4/8/1998,20,152.4,67.1,"LM,RM",Germany,63,76,700000.0,1000.0,Left,1,3,3,Normal,1500000.0,,,,,55,46,30,49,45,66,53,39,42,64,92,89,90,62,83,50,67,80,53,42,42,15,62,49,45,56,26,28,20,85.058,Low,1.388059701492537,LM,Midfielders,3.175,2.5275000000000003,1.5699999999999998,3.2575000000000003,2.5275000000000003,0.11826078591841642,1.6470588235294117,71.04999999999998,62.900000000000006,89.85714285714288,86.94,0,0,0,1
L. Ocampos,Lucas Ocampos,7/11/1994,24,187.96,83.9,"LM,LW",Argentina,77,82,12000000.0,38000.0,Right,2,3,4,Normal,23700000.0,,,,,75,73,75,75,75,74,69,65,70,76,78,79,77,82,58,77,76,85,78,72,83,67,71,73,70,74,63,52,48,95.04,Medium,1.6264462809917355,LM,Midfielders,3.122916666666667,3.13125,2.725,3.247916666666667,3.13125,0.16029603455565258,1.3333333333333333,77.6,75.2,6.266666666666667,81.62,1,1,1,2
J. Svensson,Jonas Svensson,3/6/1993,26,170.18,69.9,"RB,CM",Norway,74,77,6000000.0,12000.0,Right,1,3,3,Stocky,9500000.0,Norway,75.0,RB,16.0,74,55,59,73,61,73,72,54,66,69,76,79,74,72,86,74,73,89,77,58,81,71,68,65,48,71,70,74,71,78.81500000000001,Medium,1.3231240428790199,RB,Defenders,2.6076923076923078,2.7538461538461543,2.7884615384615383,2.7750000000000004,2.7884615384615383,0.14072842021146956,1.0909090909090908,74.8,70.7,11.783333333333333,66.60000000000001,1,1,1,0
Alberto Moreno,Alberto Moreno Pérez,7/5/1992,26,170.18,64.9,LB,Spain,76,78,7500000.0,71000.0,Left,2,3,3,Normal,14400000.0,,,,,78,59,61,74,35,76,59,40,64,79,85,87,84,72,87,80,86,81,61,74,83,70,69,58,54,63,67,73,76,75.735,Medium,1.3231240428790199,LB,Defenders,2.7346153846153842,2.7173076923076924,2.648076923076923,2.8153846153846156,2.648076923076923,0.15336174189058455,1.0,81.05,72.2,9.626666666666667,68.4,1,1,1,0
Júlio César,Júlio César de Freitas Filho,3/21/1995,23,187.96,83.0,CB,Brazil,70,75,2000000.0,5000.0,Right,1,2,2,Lean,4400000.0,,,,,38,31,70,55,33,44,38,31,44,54,35,49,39,70,40,47,67,68,83,35,79,67,27,37,44,53,70,71,65,71.736,Low,1.3884297520661155,CB,Defenders,1.7347826086956522,2.389130434782609,3.106521739130435,2.6,3.106521739130435,0.1330878344235254,1.1111111111111112,45.74999999999999,47.949999999999996,23.974999999999998,79.80000000000001,0,0,0,1
Zubeldia,Igor Zubeldia Elorza,3/30/1997,21,154.94,78.9,"CM,CDM",Spain,74,81,8000000.0,17000.0,Right,1,3,3,Normal,18400000.0,,,,,59,64,57,77,47,66,65,65,78,73,65,58,64,74,59,63,70,65,67,68,70,75,65,72,51,64,65,75,59,93.06,Medium,1.4677685950413222,CM,Midfielders,3.1595238095238094,3.4928571428571433,3.3904761904761904,3.2809523809523813,3.4928571428571433,0.14947934450610523,1.4545454545454546,64.0,69.5,8.6875,96.2,1,1,1,2
J. Torunarigha,Jordan Torunarigha,8/7/1997,21,187.96,77.1,"CB,LB",Germany,72,83,4700000.0,12000.0,Left,1,2,2,Lean,9000000.0,,,,,45,33,76,63,22,65,34,25,62,58,69,78,54,56,52,42,64,68,78,25,65,72,31,47,42,70,68,77,73,80.388,High,1.1107438016528925,CB,Defenders,2.354761904761905,2.8285714285714283,3.407142857142857,2.90952380952381,3.407142857142857,0.14229659691042096,1.46875,56.3,60.8,12.936170212765957,93.60000000000001,2,2,2,1
M. Cooper,Michael Cooper,10/8/1999,19,154.94,74.8,GK,England,58,78,210000.0,1000.0,Right,1,3,1,Normal,578000.0,,,,,10,8,14,21,6,13,12,11,23,16,30,29,28,50,43,17,56,20,46,9,24,12,7,34,11,41,14,14,12,71.212,Medium,1.1194029850746268,GK,Goalkeepers,0.981578947368421,1.313157894736842,1.1526315789473685,2.363157894736842,2.363157894736842,0.10598270965500814,1.105263157894737,20.700000000000003,28.3,134.76190476190476,84.67999999999999,1,1,1,0
J. Christensen,Jacob Christensen,6/25/2001,17,152.4,64.9,CM,Denmark,60,75,400000.0,1000.0,Right,1,3,2,Normal,750000.0,,,,,53,45,42,66,37,57,49,37,64,60,69,63,68,54,70,52,51,65,58,41,54,65,45,58,32,63,64,63,52,98.298,Low,1.208955223880597,CM,Midfielders,3.114705882352941,3.626470588235294,3.652941176470588,3.432352941176471,3.626470588235294,0.11242480592496133,1.4035087719298245,58.6,63.050000000000004,157.625,97.2,0,0,0,1
D. Kuzyaev,Daler Kuzyaev,1/15/1993,26,182.88,73.9,"CM,CDM,RM",Russia,77,80,,,Right,1,3,3,Lean,,,,,,67,64,51,82,57,78,60,61,75,79,78,81,80,73,76,76,60,79,59,74,70,74,71,70,63,64,71,77,76,76.835,Medium,1.3415007656967841,CM,Midfielders,2.782692307692308,2.9288461538461537,2.7557692307692303,2.6692307692307695,2.9288461538461537,0.0,,77.8,74.35,,69.3,1,1,1,0
D. Gazdag,Dániel Gazdag,3/2/1996,23,152.4,76.2,CM,Hungary,65,76,,,Right,1,3,3,Normal,,,,,,45,49,44,71,57,68,59,40,68,67,71,73,70,70,66,61,58,57,54,60,62,52,48,70,47,60,44,36,46,74.48,Low,1.3884297520661155,CM,Midfielders,2.608695652173913,2.860869565217391,2.091304347826087,2.8347826086956522,2.860869565217391,0.0,,65.15,67.0,,74.10000000000001,0,0,0,1
T. Jibril,Taofiq Jibril,4/23/1998,20,152.4,73.9,"RW,ST",Nigeria,69,76,1500000.0,4000.0,Right,1,3,3,Normal,3400000.0,,,,,69,73,61,72,41,71,38,32,61,73,74,76,61,61,62,63,58,51,42,64,26,16,68,41,60,62,13,14,12,87.11699999999999,Low,1.3656716417910448,RW,Attackers,3.4925000000000006,2.64,1.1575000000000002,3.0424999999999995,3.4925000000000006,0.13319815479438124,1.3636363636363635,65.55,64.2,42.800000000000004,95.22,0,0,0,1
Jandrei,Jandrei Chitolina Carniel,3/1/1993,26,185.42,76.2,GK,Brazil,72,77,3000000.0,9000.0,Right,1,2,1,Normal,5600000.0,,,,,11,8,12,25,9,11,20,11,57,28,24,32,56,58,38,26,60,26,45,9,30,11,8,56,13,41,19,10,25,57.25500000000001,Medium,1.0658499234303216,GK,Goalkeepers,0.7173076923076922,1.3269230769230769,0.8673076923076923,2.0346153846153845,2.0346153846153845,0.13465401158421036,0.9375,25.55,37.4,12.466666666666667,64.8,1,1,1,0
Sergio Álvarez,Sergio Álvarez Díaz,1/23/1992,27,182.88,73.9,"CDM,CM",Spain,75,78,7000000.0,20000.0,Right,1,3,3,Lean,15200000.0,,,,,54,60,57,74,59,65,59,52,75,72,66,69,72,74,60,80,73,90,76,73,76,75,70,73,41,82,67,74,69,80.64,Medium,1.3598774885145484,CDM,Midfielders,2.4537037037037037,2.785185185185185,2.6962962962962966,2.812962962962963,2.785185185185185,0.14351522792724114,1.0,74.4,74.35,10.62142857142857,67.5,1,1,1,0
Sergio Rico,Sergio Rico González,9/1/1993,25,193.04,88.9,GK,Spain,79,82,11500000.0,13000.0,Right,2,3,1,Lean,,,,,,17,14,11,28,15,14,24,20,26,12,48,46,62,74,43,19,63,36,52,12,27,19,11,53,24,60,16,11,11,79.46499999999999,Medium,1.4677685950413222,GK,Goalkeepers,1.1,1.4360000000000002,1.068,2.654,2.654,0.15962201264967182,0.92,32.699999999999996,41.150000000000006,3.578260869565218,77.42,1,1,1,2
T. Sippel,Tobias Sippel,3/22/1988,30,182.88,78.0,GK,Germany,74,75,4200000.0,17000.0,Right,1,2,1,Normal,7400000.0,,,,,14,12,13,33,12,13,15,14,22,19,50,42,48,72,41,24,64,41,65,11,36,15,16,31,18,41,12,15,12,61.150000000000006,Low,1.3231240428790199,GK,Goalkeepers,0.925,1.0800000000000003,0.9149999999999999,1.93,1.93,0.13734107115404473,0.7636363636363637,32.5,34.4,8.19047619047619,66.60000000000001,0,0,0,1
S. Salcedo,Saúl Salcedo,8/29/1997,21,182.88,74.8,CB,Paraguay,73,82,5500000.0,9000.0,Right,1,3,2,Normal,9400000.0,,,,,39,31,73,45,34,46,33,32,48,53,66,69,55,74,67,52,85,71,81,27,61,71,28,43,43,72,73,77,74,96.756,Medium,1.4677685950413222,CB,Defenders,2.1833333333333336,2.6238095238095234,3.5619047619047626,3.4380952380952383,3.5619047619047626,0.14446870367221362,1.4102564102564104,55.449999999999996,56.550000000000004,10.281818181818183,94.9,1,1,1,2
M. Mahi,Mimoun Mahi,3/13/1994,24,154.94,68.9,"ST,LM",Morocco,72,76,4100000.0,7000.0,Right,1,4,4,Normal,6500000.0,,,,,67,70,56,66,73,78,71,68,60,77,77,79,79,70,70,79,67,69,66,73,56,40,65,66,74,72,29,30,34,84.84,Low,1.3884297520661155,ST,Attackers,3.002083333333333,2.6854166666666663,1.7354166666666666,2.9791666666666665,3.002083333333333,0.13751624210028407,1.28125,76.19999999999999,72.65,17.719512195121954,76.32000000000001,0,0,0,1
A. Bolger,Aaron Bolger,2/2/2000,19,170.18,64.9,"CM,CDM",Republic of Ireland,59,79,325000.0,1000.0,Right,1,3,2,Normal,,,,,,39,42,39,64,36,62,62,37,62,62,66,68,65,54,84,48,55,54,41,39,52,43,41,64,41,66,56,58,48,88.464,Medium,1.208955223880597,CM,Midfielders,2.7473684210526317,3.081578947368421,2.6736842105263157,3.1263157894736846,3.081578947368421,0.10544479897969244,1.4130434782608696,56.35000000000001,64.3,197.84615384615384,86.14,1,1,1,0
A. Babacan,Atalay Babacan,6/28/2000,18,175.26,69.9,"CAM,CM",Turkey,61,76,525000.0,4000.0,Left,1,3,2,Lean,1300000.0,,,,,65,48,47,68,52,67,69,52,62,61,74,64,68,47,74,55,51,34,47,54,43,29,43,65,52,60,40,49,35,83.511,Low,1.052238805970149,CAM,Midfielders,3.0833333333333335,3.0472222222222225,2.2916666666666665,3.036111111111111,3.0472222222222225,0.11570903821643672,1.5,58.400000000000006,64.4,122.66666666666667,93.94,0,0,0,1
T. Walker,Tyler Walker,10/17/1996,22,152.4,63.0,ST,England,66,76,1100000.0,11000.0,Right,1,4,3,Lean,,,,,,60,67,59,58,54,65,56,45,40,66,80,86,88,59,74,66,67,72,63,58,32,31,62,60,69,62,30,34,18,73.261,Low,1.1702479338842975,ST,Attackers,3.0113636363636362,2.5977272727272727,1.7772727272727273,2.975,3.0113636363636362,0.1206191897518871,1.5714285714285714,72.9,66.5,60.454545454545446,80.52,0,0,0,1
H. Alpsoy,Harun Alpsoy,3/3/1997,22,185.42,78.0,"CDM,CM",Turkey,66,77,975000.0,4000.0,Right,1,3,2,Normal,2100000.0,,,,,45,31,59,72,41,52,36,40,66,63,70,71,63,54,59,72,55,68,72,70,71,65,51,60,46,55,66,63,56,66.307,Medium,1.0710743801652893,CDM,Midfielders,2.2522727272727274,2.9272727272727277,2.940909090909091,2.536363636363636,2.9272727272727277,0.1233907616385212,1.3928571428571428,67.75,62.599999999999994,64.2051282051282,80.52,1,1,1,0
S. Aurier,Serge Aurier,12/24/1992,26,175.26,76.2,"RB,RWB",Ivory Coast,80,83,15500000.0,82000.0,Right,2,3,3,Normal,29800000.0,Côte d'Ivoire,75.0,RB,17.0,83,54,75,78,47,76,69,30,72,79,79,78,73,81,76,71,94,77,74,58,86,79,72,71,64,75,75,81,82,86.79,High,1.4885145482388973,RB,Defenders,2.726923076923077,2.951923076923077,2.9980769230769226,3.0749999999999997,2.9980769230769226,0.16495649243106084,1.0689655172413792,72.89999999999999,76.05,4.906451612903226,72.0,2,2,2,1
C. Jullien,Christopher Jullien,3/22/1993,25,195.58,88.0,CB,France,72,76,3400000.0,17000.0,Right,2,3,2,Normal,7000000.0,,,,,37,51,80,59,28,45,29,36,61,69,63,64,62,68,53,46,76,74,87,32,69,69,50,26,55,67,68,65,71,77.7975,Low,1.3487603305785123,CB,Defenders,2.1460000000000004,2.2460000000000004,2.8139999999999996,2.72,2.8139999999999996,0.14323996676426923,1.0625,54.849999999999994,59.25,17.426470588235293,70.56,0,0,0,1
J. Urzúa,Javier Urzúa,8/21/1999,19,172.72,68.0,"CAM,CM",Chile,59,77,325000.0,1000.0,Right,1,3,2,Lean,642000.0,,,,,47,45,44,63,44,61,45,40,52,58,70,65,62,49,78,46,54,50,49,42,35,29,58,61,44,58,37,38,39,79.268,Medium,1.0970149253731343,CAM,Midfielders,2.944736842105263,2.8394736842105264,2.013157894736842,2.863157894736842,2.8394736842105264,0.10823582840516822,1.4130434782608696,55.55,60.8,187.07692307692307,86.14,1,1,1,0
J. Tymon,Josh Tymon,5/22/1999,19,152.4,73.9,"LWB,LB",England,61,78,475000.0,3000.0,Left,1,3,2,Lean,1200000.0,,,,,59,27,41,57,28,62,47,49,46,61,66,68,67,53,74,48,58,67,58,52,59,59,39,41,40,57,57,61,60,82.68800000000002,Medium,1.1865671641791045,LWB,Defenders,2.521052631578948,2.8684210526315788,3.0657894736842106,3.0026315789473683,3.0657894736842106,0.1144920900198711,1.3571428571428572,60.45,57.5,121.05263157894737,89.06,1,1,1,0
Thiago Mendes,Thiago Henrique Mendes Ribeiro,3/15/1992,26,152.4,79.8,"CDM,CM,RM",Brazil,79,83,13500000.0,35000.0,Right,1,3,4,Normal,26700000.0,,,,,67,63,59,82,60,78,67,77,81,81,74,82,78,78,74,81,68,84,66,79,80,76,70,80,60,79,73,77,76,86.185,High,1.4333843797856047,CDM,Midfielders,2.771153846153846,3.0865384615384617,2.853846153846154,2.9538461538461545,3.0865384615384617,0.15499322813627595,1.08,79.64999999999999,79.5,5.888888888888889,71.10000000000001,2,2,2,1
E. Sabbi,Emmanuel Sabbi,12/24/1997,21,152.4,69.9,"ST,RM,LM",United States,65,76,950000.0,2000.0,Right,1,4,4,Lean,1400000.0,,,,,41,61,55,55,53,69,51,43,34,69,89,90,91,60,88,55,94,68,54,55,44,17,68,47,54,61,35,14,13,79.66199999999999,Low,1.1900826446280992,ST,Attackers,3.2595238095238095,2.4380952380952383,1.4571428571428573,3.3357142857142854,3.2595238095238095,0.12076783183847234,1.5833333333333333,72.30000000000001,65.8,69.26315789473684,84.5,0,0,0,1
Carles Planas,Carles Planas Antolínez,3/4/1991,28,172.72,76.2,"LB,LWB",Spain,76,77,7000000.0,26000.0,Left,1,3,3,Normal,15200000.0,,,,,80,52,68,76,35,69,59,55,58,75,69,75,71,74,77,54,84,74,76,56,73,75,61,59,51,66,62,77,79,71.2,Medium,1.3598774885145484,LB,Defenders,2.2821428571428575,2.5375,2.5821428571428577,2.5946428571428575,2.5821428571428577,0.14422687368555803,0.9333333333333333,65.9,69.5,9.928571428571429,68.4,1,1,1,0
Carlos Abad,Carlos Javier Abad Hernández Trujillo,6/28/1995,23,193.04,88.0,GK,Spain,67,77,950000.0,2000.0,Right,1,3,1,Normal,,,,,,15,19,22,24,15,19,22,18,25,21,46,48,32,65,42,24,65,40,77,16,27,27,16,29,29,47,14,14,18,65.74400000000001,Medium,1.2892561983471074,GK,Goalkeepers,1.276086956521739,1.3456521739130434,1.3826086956521737,2.376086956521739,2.376086956521739,0.12083315822647302,1.1515151515151516,32.4,32.75,34.473684210526315,76.38000000000001,1,1,1,0
M. Bettinelli,Marcus Bettinelli,5/24/1992,26,193.04,82.1,GK,England,73,77,3600000.0,30000.0,Right,1,3,1,Lean,7100000.0,,,,,12,14,11,34,12,15,12,19,38,28,34,24,39,59,40,20,60,22,40,14,25,15,6,38,18,52,16,18,17,62.205000000000005,Medium,1.0842266462480858,GK,Goalkeepers,0.8615384615384615,1.251923076923077,0.9288461538461538,2.078846153846154,2.078846153846154,0.13756287510966575,0.9230769230769231,23.500000000000004,38.099999999999994,10.583333333333332,65.7,1,1,1,0
M. Keane,Michael Keane,1/11/1993,26,190.5,82.1,CB,England,79,82,13500000.0,84000.0,Right,2,3,2,Normal,26700000.0,,,,,60,50,81,71,40,66,53,33,69,69,58,65,59,75,62,58,82,68,85,46,68,80,29,56,48,71,79,81,80,80.96,Medium,1.3782542113323124,CB,Defenders,2.105769230769231,2.630769230769231,3.0865384615384617,2.786538461538462,3.0865384615384617,0.1623738580475272,1.08,59.65,65.75,4.87037037037037,71.10000000000001,1,1,1,2
H. Al Ghamdi,Hamed Al Ghamdi,4/2/1999,19,160.02,59.0,"CM,CAM,CDM",Saudi Arabia,60,76,450000.0,2000.0,Right,1,4,2,Lean,1000000.0,,,,,58,57,46,64,47,64,50,40,61,65,70,67,82,55,82,63,68,57,38,63,33,47,49,51,43,47,48,56,52,79.34400000000001,Low,1.2313432835820894,CM,Midfielders,3.094736842105263,2.986842105263158,2.5763157894736843,3.0842105263157893,2.986842105263158,0.11187936193342701,1.5789473684210527,65.75,60.45,134.33333333333334,87.6,0,0,0,1
J. Mbakogu,Jerry Mbakogu,10/1/1992,26,182.88,82.1,ST,Nigeria,74,76,7000000.0,5000.0,Right,2,3,3,Normal,11400000.0,,,,,53,74,70,59,70,68,71,56,45,74,93,87,82,71,65,68,91,76,89,60,61,16,70,66,73,76,22,25,25,80.025,Low,1.3047473200612558,ST,Attackers,2.8500000000000005,2.286538461538462,1.3923076923076925,2.9673076923076924,2.8500000000000005,0.14826390957335542,1.2727272727272727,76.0,73.75,10.535714285714286,66.60000000000001,0,0,0,1
J. Bellegarde,Jean-Ricner Bellegarde,6/27/1998,20,170.18,66.2,"CDM,CM,RM",France,64,77,775000.0,2000.0,Right,1,3,3,Normal,1800000.0,,,,,55,45,55,65,39,66,46,38,63,66,70,68,83,63,83,58,58,67,50,47,60,62,63,68,35,62,63,64,59,88.96300000000001,Medium,1.4104477611940298,CDM,Midfielders,3.0149999999999997,3.2725,3.0524999999999998,3.2475,3.2725,0.12090560882691789,1.4761904761904763,64.3,67.25,86.77419354838709,88.32,1,1,1,0
J. Villar,Justo Wilmar Villar Viveros,6/30/1977,41,154.94,84.8,GK,Paraguay,77,77,,,Right,2,3,1,Normal,,,,,,14,12,12,30,8,21,15,22,22,24,31,32,50,73,68,29,56,22,62,16,22,22,14,51,21,55,13,13,14,66.7,Medium,1.3055141579731746,GK,Goalkeepers,0.6499999999999999,0.8939024390243904,0.697560975609756,1.502439024390244,1.502439024390244,0.0,,28.05,40.0,,69.3,1,1,1,0
Carles Gil,Carles Gil Pareja,11/2/1992,26,170.18,64.9,"CAM,RM",Spain,75,76,8000000.0,8000.0,Left,2,4,4,Lean,12600000.0,,,,,76,70,34,77,71,77,76,58,75,78,68,67,74,73,75,63,60,62,56,66,41,40,72,75,69,72,36,43,39,79.915,Low,1.3415007656967841,CAM,Midfielders,2.7807692307692307,2.661538461538462,1.748076923076923,2.726923076923077,2.661538461538462,0.15072953776810458,1.1428571428571428,67.14999999999999,74.5,9.3125,67.5,0,0,0,1
T. Parrott,Troy Parrott,2/4/2002,17,175.26,72.1,ST,Republic of Ireland,57,83,230000.0,4000.0,Right,1,4,2,Lean,656000.0,,,,,35,61,48,50,50,52,53,48,45,58,77,73,68,50,61,55,69,48,48,50,58,16,58,51,55,56,17,23,14,89.612,High,1.1194029850746268,ST,Attackers,3.4647058823529413,2.7147058823529413,1.5411764705882351,3.373529411764706,3.4647058823529413,0.10627362570366124,1.3529411764705883,60.2,58.150000000000006,252.82608695652175,92.34,2,2,2,1
K. Hoever,Ki-Jana Hoever,1/18/2002,17,182.88,67.1,"RB,CB",Netherlands,61,85,500000.0,4000.0,Right,1,3,2,Lean,1400000.0,,,,,55,31,54,62,40,62,50,45,51,57,74,70,68,58,65,42,69,58,62,38,60,63,43,49,43,68,60,61,57,105.78000000000002,High,1.298507462686567,RB,Defenders,3.0382352941176474,3.3735294117647054,3.594117647058823,3.7735294117647054,3.594117647058823,0.11690560196501906,1.4285714285714286,57.400000000000006,62.1,124.2,98.82000000000001,2,2,2,1
Y. Chibsah,Yussif Raman Chibsah,3/10/1993,25,152.4,78.0,"CM,CDM",Ghana,72,75,3800000.0,12000.0,Right,1,3,3,Normal,7200000.0,,,,,59,58,62,73,44,69,50,46,68,72,76,67,81,76,83,70,65,89,69,63,78,77,64,62,52,67,68,70,65,83.77749999999999,Low,1.5074380165289256,CM,Midfielders,2.6940000000000004,2.904,2.8679999999999994,2.8960000000000004,2.904,0.13685119466394755,1.1875,73.25,70.7,18.60526315789474,70.56,0,0,0,1
R. Echeverría,Rodrigo Eduardo Echeverría Sáez,4/7/1995,23,154.94,73.0,"CB,CDM,CM",Chile,70,76,2100000.0,6000.0,Right,1,3,3,Lean,3300000.0,,,,,52,44,66,67,36,61,45,40,69,66,64,69,61,65,67,67,60,74,75,59,76,67,55,60,44,53,70,70,67,68.096,Low,1.2892561983471074,CB,Defenders,2.4608695652173913,2.8521739130434782,3.0217391304347827,2.610869565217391,3.0217391304347827,0.13183045043563055,1.1666666666666667,65.5,61.3,29.190476190476186,79.80000000000001,0,0,0,1
J. Vásquez,Johan Vásquez,10/22/1998,20,182.88,72.1,CB,Mexico,62,76,600000.0,3000.0,Left,1,2,2,Lean,1300000.0,,,,,55,30,56,60,28,44,40,40,58,59,65,55,50,55,67,38,65,60,65,25,55,57,33,39,45,45,65,65,63,73.13,Low,1.2313432835820894,CB,Defenders,2.1550000000000002,2.6825,3.1,2.6375,3.1,0.11579658603854248,1.6,47.75,52.35,87.25,85.55999999999999,0,0,0,1
K. Davis,Keinan Davis,2/13/1998,21,187.96,74.8,ST,England,65,76,950000.0,4000.0,Right,1,2,3,Lean,2000000.0,,,,,45,61,65,56,48,72,45,37,40,61,68,72,70,54,76,62,68,68,81,55,68,44,68,59,47,52,44,34,23,70.356,Low,1.0710743801652893,ST,Attackers,3.1023809523809525,2.7,2.288095238095238,2.7571428571428576,3.1023809523809525,0.12228022744864768,1.5833333333333333,66.05,59.3,62.421052631578945,84.5,0,0,0,1
G. Sio,Giovanni Sio,3/31/1989,29,154.94,79.8,ST,Ivory Coast,77,77,,,Left,2,3,3,Normal,,,,,,68,77,71,73,73,76,73,69,67,76,78,85,79,71,73,77,70,78,74,74,77,18,76,73,72,72,40,18,12,71.35,Medium,1.3047473200612558,ST,Attackers,2.6137931034482764,2.2586206896551726,1.2827586206896553,2.4948275862068963,2.6137931034482764,0.0,,78.14999999999999,74.60000000000001,,69.3,1,1,1,0
Kun Temenuzhkov,Dzhoshkun Temenuzhkov,2/1/2000,19,167.64,76.2,ST,Bulgaria,61,76,525000.0,4000.0,Right,1,3,2,Stocky,1300000.0,,,,,32,61,57,52,52,60,49,40,36,57,78,79,74,56,80,62,58,53,64,51,42,10,57,53,60,43,12,15,20,78.204,Low,1.253731343283582,ST,Attackers,3.25,2.484210526315789,1.286842105263158,2.9000000000000004,3.25,0.11481896869169489,1.5,64.94999999999999,55.95,106.57142857142857,89.06,0,0,0,1
M. Nicolas,Moritz Nicolas,10/21/1997,21,193.04,87.1,GK,Germany,62,76,550000.0,2000.0,Right,1,2,1,Normal,1300000.0,,,,,14,9,16,29,11,16,17,14,26,13,18,26,42,58,31,22,34,28,74,10,27,15,7,40,17,36,10,17,13,66.39600000000002,Low,1.1504132231404958,GK,Goalkeepers,0.907142857142857,1.430952380952381,1.3047619047619048,2.1619047619047618,2.1619047619047618,0.11489192521011637,1.4666666666666666,22.500000000000004,28.6,52.0,80.60000000000001,0,0,0,1
T. Belmonte,Tomás Belmonte,5/27/1998,20,152.4,68.0,"CM,CDM",Argentina,68,82,1900000.0,6000.0,Right,1,4,3,Lean,4100000.0,,,,,55,53,70,72,52,67,48,43,65,70,66,64,68,65,70,65,69,77,60,57,67,65,68,64,60,67,65,67,64,93.294,Medium,1.4552238805970148,CM,Midfielders,3.1625,3.4225000000000003,3.2375,3.3324999999999996,3.4225000000000003,0.13208224102904528,2.054054054054054,66.1,68.05,35.81578947368421,93.83999999999999,1,1,1,2
J. Ferri,Jordan Ferri,3/12/1992,26,172.72,73.9,CM,France,74,75,6500000.0,46000.0,Right,2,3,3,Stocky,,,,,,71,60,53,77,56,71,71,55,73,73,67,64,73,75,85,77,63,77,69,76,85,68,70,71,54,69,65,70,64,80.19000000000001,Low,1.3782542113323124,CM,Midfielders,2.6173076923076923,2.8211538461538463,2.6384615384615384,2.734615384615385,2.8211538461538463,0.1456782617606994,1.1818181818181819,72.39999999999999,71.7,11.03076923076923,66.60000000000001,0,0,0,1
L. Tupta,Ľubomír Tupta,3/27/1998,20,154.94,72.1,"ST,LW",Slovakia,63,76,725000.0,1000.0,Right,1,3,2,Normal,1600000.0,,,,,43,66,59,59,66,67,57,34,43,62,67,56,61,62,68,73,57,56,52,62,44,13,52,58,50,58,44,21,15,86.05199999999999,Low,1.388059701492537,ST,Attackers,3.1499999999999995,2.615,1.675,2.995,3.1499999999999995,0.11852883120938053,1.7058823529411764,63.550000000000004,60.35000000000001,83.24137931034484,86.94,0,0,0,1
J. Bijlow,Justin Bijlow,1/22/1998,21,190.5,73.0,GK,Netherlands,74,82,6500000.0,6000.0,Right,1,2,1,Normal,10400000.0,,,,,10,10,11,33,10,11,10,10,44,21,44,43,36,70,32,23,67,33,71,10,22,10,10,58,16,54,14,12,14,85.00800000000001,Medium,1.3884297520661155,GK,Goalkeepers,1.1595238095238096,1.7952380952380953,1.269047619047619,2.8404761904761906,2.8404761904761906,0.14690804901724366,1.1818181818181819,28.800000000000004,40.4,6.2153846153846155,96.2,1,1,1,2
André Pinto,André Almeida Pinto,10/5/1989,29,193.04,86.2,CB,Portugal,76,76,6000000.0,13000.0,Right,1,2,2,Lean,12000000.0,,,,,34,34,78,58,29,44,28,31,58,57,47,47,32,71,32,41,30,62,88,38,79,77,21,47,38,59,80,79,78,66.8,Low,1.3047473200612558,CB,Defenders,1.4275862068965517,2.056896551724138,2.7344827586206897,1.910344827586207,2.7344827586206897,0.14319232293810252,0.8,44.9,52.650000000000006,8.775,68.4,0,0,0,1
H. Maïga,Habib Maïga,1/1/1996,23,154.94,79.8,"CDM,CM,LB",Ivory Coast,68,79,1300000.0,9000.0,Right,1,2,3,Normal,,,,,,56,44,59,71,40,64,51,40,63,69,72,73,59,63,69,63,69,72,74,62,67,69,40,58,57,60,62,67,61,69.38400000000001,Medium,1.2495867768595041,CDM,Midfielders,2.402173913043478,2.889130434782609,2.9086956521739133,2.71304347826087,2.889130434782609,0.12402608131648327,1.4054054054054055,66.75,64.7,49.76923076923077,77.52000000000001,1,1,1,0
L. Østigård,Leo Østigård,11/28/1999,19,182.88,79.8,CB,Norway,61,81,475000.0,3000.0,Right,1,3,2,Normal,1400000.0,,,,,31,33,66,48,33,40,46,24,48,49,69,66,68,52,61,46,86,52,69,32,65,58,27,26,42,52,55,63,55,79.04,Medium,1.164179104477612,CB,Defenders,2.1999999999999997,2.365789473684211,3.1342105263157896,3.131578947368421,3.1342105263157896,0.11512078361440808,1.3571428571428572,52.849999999999994,50.04999999999999,105.36842105263156,89.06,1,1,1,0
K. Iheanacho,Kelechi Iheanacho,10/3/1996,22,182.88,79.8,"ST,CF",Nigeria,74,82,8500000.0,42000.0,Left,1,3,4,Normal,17900000.0,,,,,49,76,60,68,73,75,69,64,61,76,78,78,72,71,68,75,62,69,71,72,61,21,77,67,73,71,28,25,23,86.62,Medium,1.4082644628099175,ST,Attackers,3.4318181818181825,2.8318181818181816,1.6477272727272727,3.1727272727272724,3.4318181818181825,0.14818016820227442,1.5454545454545454,74.24999999999999,72.0,8.470588235294118,90.28,1,1,1,2
L. Fröde,Lukas Fröde,1/23/1995,24,193.04,84.8,"CDM,CB,CM",Germany,69,77,1300000.0,3000.0,Right,1,2,2,Normal,2400000.0,,,,,48,44,69,67,39,56,46,42,65,62,54,53,49,64,48,63,60,91,83,47,72,70,44,55,49,62,70,67,62,75.96,Medium,1.2694214876033059,CDM,Midfielders,2.1458333333333335,2.7416666666666667,2.941666666666667,2.5229166666666667,2.7416666666666667,0.12753273995242634,1.1818181818181819,59.849999999999994,59.599999999999994,45.84615384615384,73.14,1,1,1,0
V. Osimhen,Victor James Osimhen,12/29/1998,20,185.42,78.0,ST,Nigeria,71,82,4000000.0,14000.0,Right,1,4,3,Lean,,,,,,41,71,69,63,66,66,59,39,39,68,75,78,68,64,67,72,75,73,72,65,68,29,71,62,65,61,36,23,20,89.389,Medium,1.4328358208955223,ST,Attackers,3.465,2.975,1.9599999999999997,3.2675000000000005,3.465,0.13779753044146212,1.6666666666666667,71.44999999999999,65.3,16.325,97.97999999999999,1,1,1,2
Fred,Frederico R. de Paula Santos,3/5/1993,26,170.18,64.0,CM,Brazil,80,82,18000000.0,120000.0,Left,1,4,4,Lean,35600000.0,,,,,67,74,55,81,70,79,70,72,78,82,77,79,84,80,87,76,83,84,61,74,73,80,69,75,65,82,76,78,69,88.77000000000001,Medium,1.4701378254211332,CM,Midfielders,2.9076923076923076,3.065384615384615,2.909615384615385,3.140384615384615,3.065384615384615,0.15826991634342727,1.2413793103448276,78.60000000000001,80.50000000000001,4.472222222222223,72.0,1,1,1,2
Andreas Pereira,Andreas Hugo Hoelgebaum Pereira,1/1/1996,23,152.4,71.2,"CM,CDM,RM",Brazil,77,82,11500000.0,86000.0,Right,1,4,4,Lean,22700000.0,,,,,78,71,56,80,72,79,80,80,77,80,78,74,79,74,80,73,62,72,68,77,69,70,71,76,70,72,67,65,63,82.096,Medium,1.4677685950413222,CM,Midfielders,3.239130434782609,3.3086956521739133,2.9608695652173918,3.1456521739130436,3.3086956521739133,0.1540478855449626,1.2777777777777777,75.55,77.1,6.7043478260869565,87.78000000000002,1,1,1,2
David Soria,David Soria Solís,4/4/1993,25,193.04,84.8,GK,Spain,79,81,10500000.0,20000.0,Right,1,3,1,Normal,22800000.0,,,,,15,19,24,24,19,16,23,11,33,19,49,34,45,75,42,54,60,43,76,18,24,18,12,45,23,58,22,13,13,79.40749999999998,Medium,1.4876033057851241,GK,Goalkeepers,1.19,1.3840000000000001,1.286,2.526,2.526,0.1555405217793729,0.84,38.5,39.0,3.7142857142857144,77.42,1,1,1,2
K. Leshabela,Khanya Leshabela,9/18/1999,19,152.4,76.2,CAM,South Africa,58,77,260000.0,4000.0,Right,1,3,3,Normal,657000.0,,,,,56,46,47,56,49,63,50,45,51,61,72,67,69,57,69,53,58,64,59,49,44,43,54,54,49,52,48,48,45,83.98,Medium,1.2761194029850746,CAM,Midfielders,3.021052631578947,2.905263157894737,2.5947368421052635,3.0236842105263158,2.905263157894737,0.10649316726302296,1.368421052631579,61.60000000000001,58.85,226.34615384615384,84.67999999999999,1,1,1,0
L. Rivas,Leonel Rivas,12/4/1999,19,172.72,67.1,"CAM,RM",Argentina,58,78,260000.0,1000.0,Right,1,3,2,Lean,,,,,,55,49,39,62,41,65,44,46,58,58,81,83,79,51,85,52,76,49,40,44,27,22,48,44,53,42,34,38,31,72.73199999999999,Medium,1.1417910447761195,CAM,Midfielders,3.0473684210526315,2.5526315789473686,1.8210526315789475,2.960526315789474,2.5526315789473686,0.10274230665963235,1.368421052631579,63.35,56.9,218.84615384615384,84.67999999999999,1,1,1,0
Eltildo Correia,Eltildo Lucas Correia Pitta,2/29/1992,27,187.96,78.0,"CB,RB,LB",Brazil,76,76,6500000.0,30000.0,Right,1,3,2,Normal,12400000.0,,,,,61,41,73,67,52,45,54,48,75,55,52,63,38,77,37,71,81,68,83,45,80,72,42,44,77,75,79,75,77,80.11500000000001,Low,1.415007656967841,CB,Defenders,1.8240740740740742,2.27037037037037,2.838888888888889,2.6351851851851853,2.838888888888889,0.14453074192606022,0.8666666666666667,56.7,58.15,8.946153846153846,68.4,0,0,0,1
L. Cabrera,Leandro Cabrera,9/6/1991,27,187.96,79.8,"CB,LB",Uruguay,74,77,6000000.0,18000.0,Left,1,3,2,Normal,13100000.0,,,,,64,23,79,62,27,52,46,48,63,62,61,64,66,63,53,42,91,76,82,35,80,69,34,45,49,60,65,75,78,65.0475,Medium,1.1577335375191424,CB,Defenders,1.6351851851851853,2.2333333333333334,2.624074074074074,2.4722222222222223,2.624074074074074,0.14096368054527683,1.0909090909090908,55.6,59.25,9.875,66.60000000000001,1,1,1,0
S. Haji,Siad Haji,12/1/1999,19,172.72,68.0,"CAM,RM",Kenya,60,76,425000.0,1000.0,Right,1,3,3,Lean,903000.0,,,,,42,50,39,63,36,59,49,42,60,57,70,75,67,57,78,51,51,51,44,48,45,28,54,60,46,54,33,37,44,85.04400000000001,Low,1.2761194029850746,CAM,Midfielders,3.0052631578947366,2.8578947368421055,1.9368421052631581,2.984210526315789,2.8578947368421055,0.11146546126161551,1.4912280701754386,59.39999999999999,59.900000000000006,140.94117647058826,87.6,0,0,0,1
E. Kayembe,Edo Kayembe,6/3/1998,20,154.94,79.8,"CDM,CM,LM,CAM",DR Congo,66,78,1000000.0,4000.0,Left,1,3,3,Stocky,1700000.0,,,,,53,52,38,64,63,70,57,55,62,71,72,76,69,60,70,73,76,75,80,65,68,64,50,62,53,66,58,66,61,88.18199999999999,Medium,1.3432835820895521,CDM,Midfielders,3.0149999999999997,3.2625,3.25,3.2775,3.2625,0.12443626390908295,1.4285714285714286,71.7,67.25,67.25,91.08,1,1,1,0
J. von Moos,Julian von Moos,4/1/2001,17,152.4,71.2,ST,Switzerland,58,84,280000.0,2000.0,Left,1,3,2,Normal,700000.0,,,,,30,63,58,44,35,47,39,28,32,58,66,70,75,51,78,55,67,71,67,53,38,12,54,42,66,45,36,16,12,84.108,High,1.1417910447761195,ST,Attackers,3.2852941176470587,2.5999999999999996,1.8323529411764705,3.2470588235294118,3.2852941176470587,0.10839982760696248,1.4736842105263157,62.199999999999996,52.75,188.39285714285714,93.96000000000001,2,2,2,1
B. Lennon,Brooks Lennon,9/22/1997,21,152.4,69.9,"RB,RW,LW",United States,68,79,1300000.0,2000.0,Right,1,3,3,Lean,2300000.0,,,,,74,60,62,66,48,67,69,44,62,66,72,76,66,65,71,69,76,85,61,60,64,60,65,66,68,61,65,62,58,83.952,Medium,1.2892561983471074,RB,Defenders,3.1095238095238096,3.185714285714286,2.9714285714285715,3.1238095238095234,2.9714285714285715,0.12853859901418183,1.4054054054054055,71.05,65.35,50.26923076923077,88.4,1,1,1,0
M. Pongračić,Marin Pongračić,9/11/1997,21,187.96,84.8,CB,Croatia,72,83,4700000.0,16000.0,Right,1,3,2,Normal,8000000.0,,,,,27,18,70,65,20,62,28,25,63,66,55,69,65,66,46,40,75,68,84,22,75,70,28,59,30,63,65,75,67,85.734,High,1.3090909090909089,CB,Defenders,2.0833333333333335,3.0857142857142854,3.4142857142857137,3.157142857142857,3.4142857142857137,0.14177229369454644,1.46875,52.8,62.85,13.372340425531915,93.60000000000001,2,2,2,1
A. Cragno,Alessio Cragno,6/28/1994,24,182.88,78.0,GK,Italy,78,84,10500000.0,21000.0,Right,1,3,1,Lean,20000000.0,Italy,83.0,SUB,12.0,15,12,12,26,13,13,11,12,25,21,41,37,37,62,43,19,74,43,55,17,33,19,15,42,31,59,20,11,12,73.14,High,1.2297520661157024,GK,Goalkeepers,1.0291666666666666,1.3958333333333333,1.1229166666666666,2.464583333333333,2.464583333333333,0.15422036764870978,0.9767441860465116,29.5,38.0,3.619047619047619,82.68,2,2,2,1
T. Letschert,Timo Letschert,5/25/1993,25,187.96,83.9,CB,Netherlands,73,75,4100000.0,32000.0,Right,1,2,2,Normal,,,,,,65,52,71,66,38,57,69,68,68,65,69,67,67,64,70,72,84,63,81,67,80,67,49,55,56,65,71,72,69,74.00249999999998,Low,1.2694214876033059,CB,Defenders,2.2800000000000002,2.51,2.8420000000000005,2.71,2.8420000000000005,0.1362553357306753,1.0512820512820513,66.7,64.25,15.670731707317074,71.53999999999999,0,0,0,1
A. Pelmard,Andy Pelmard,3/12/2000,18,152.4,66.2,CB,France,57,77,190000.0,2000.0,Left,1,2,2,Lean,551000.0,,,,,29,26,55,53,33,31,34,27,44,47,58,65,44,48,73,49,67,58,47,24,58,56,25,33,48,53,57,61,63,80.595,Medium,1.0746268656716418,CB,Defenders,1.9527777777777777,2.6416666666666666,3.0749999999999997,2.875,3.0749999999999997,0.10477342100144056,1.1176470588235294,48.050000000000004,48.099999999999994,253.15789473684208,87.78,1,1,1,0
L. Kharabadze,Levan Kharabadze,1/26/2000,19,182.88,78.9,LB,Georgia,57,77,190000.0,1000.0,Left,1,3,2,Normal,466000.0,,,,,54,45,60,48,48,59,46,38,38,56,73,70,60,53,59,53,68,65,69,51,60,51,56,40,39,48,46,54,53,77.9,Medium,1.1865671641791045,LB,Defenders,2.952631578947369,2.6236842105263154,2.810526315789474,2.884210526315789,2.810526315789474,0.10330650906475555,1.1176470588235294,61.349999999999994,52.5,276.3157894736842,83.22,1,1,1,0
G. Til,Guus Til,12/22/1997,21,182.88,73.9,"CAM,CM",Netherlands,74,81,8000000.0,10000.0,Right,1,3,3,Normal,13600000.0,,,,,57,72,58,78,58,67,55,63,73,74,68,74,69,77,73,70,52,90,69,69,56,66,74,74,66,72,52,58,55,99.33,Medium,1.5272727272727271,CAM,Midfielders,3.395238095238095,3.604761904761905,2.954761904761905,3.3595238095238096,3.604761904761905,0.14812260391147197,1.4545454545454546,72.75,73.0,9.125,96.2,1,1,1,2
S. Rode,Sebastian Rode,10/11/1990,28,152.4,74.8,"CDM,CM",Germany,76,77,7500000.0,40000.0,Right,2,3,3,Normal,,,,,,66,55,66,75,55,71,51,52,71,72,69,64,70,74,74,75,76,68,74,65,83,79,69,71,51,74,78,77,77,74.0,Medium,1.3598774885145484,CDM,Midfielders,2.3839285714285716,2.619642857142857,2.75,2.632142857142857,2.619642857142857,0.14783248993237247,1.0,69.0,72.30000000000001,9.640000000000002,68.4,1,1,1,0
Daniel Rebollo,Daniel Rebollo Franco,12/10/1999,19,187.96,78.0,GK,Spain,60,75,350000.0,1000.0,Right,1,3,1,Lean,954000.0,,,,,12,10,12,25,9,12,11,14,24,13,22,31,38,57,45,17,54,40,45,7,28,13,7,50,13,40,10,14,13,77.596,Low,1.2761194029850746,GK,Goalkeepers,0.9868421052631579,1.7026315789473685,1.1421052631578947,2.557894736842105,2.557894736842105,0.11168852314797159,1.2280701754385965,23.4,30.5,87.14285714285715,87.6,0,0,0,1
M. Kenlock,Myles Kenlock,11/26/1996,22,185.42,67.1,"LB,LWB",England,67,77,1100000.0,3000.0,Left,1,3,3,Lean,2200000.0,,,,,67,26,64,63,34,67,36,30,63,65,76,77,73,48,76,39,84,71,67,29,73,62,63,32,36,65,64,71,66,65.819,Medium,0.9520661157024793,LB,Defenders,2.475,2.4863636363636363,2.9136363636363636,2.829545454545455,2.9136363636363636,0.125460300842944,1.3333333333333333,59.75,61.65,56.04545454545454,81.74,1,1,1,0
J. Hendrick,Jeff Hendrick,1/31/1992,27,182.88,83.9,"CAM,CM",Republic of Ireland,75,76,8000000.0,46000.0,Right,1,3,3,Normal,15800000.0,Republic of Ireland,74.0,CM,13.0,70,67,69,77,68,76,72,64,75,75,70,67,68,74,74,74,74,78,71,69,75,74,73,74,63,74,73,71,69,77.7,Low,1.3598774885145484,CAM,Midfielders,2.664814814814815,2.7888888888888888,2.6870370370370376,2.7074074074074073,2.7888888888888888,0.1436831223074932,1.1428571428571428,71.8,73.7,9.2125,67.5,0,0,0,1
J. Sands,James Sands,7/6/2000,18,154.94,73.0,CDM,United States,58,75,230000.0,1000.0,Right,1,3,2,Lean,489000.0,,,,,46,55,42,56,38,59,38,35,50,59,61,61,54,54,65,53,57,57,46,40,50,64,47,61,37,43,58,63,59,81.24300000000001,Low,1.208955223880597,CDM,Midfielders,3.0638888888888887,3.266666666666667,3.2527777777777778,2.841666666666667,3.266666666666667,0.10612910814180032,1.2105263157894737,54.75,54.55,237.17391304347825,89.32000000000001,0,0,0,1
I. Hagi,Ianis Hagi,10/22/1998,20,154.94,69.9,"CAM,LW,RW",Romania,70,84,,,Right,1,4,3,Normal,,,,,,62,63,53,72,54,68,80,65,67,73,74,70,69,69,69,67,41,74,62,67,57,32,64,65,56,63,38,31,33,94.998,High,1.544776119402985,CAM,Midfielders,3.35,3.215,2.0725,3.15,3.215,0.0,,69.85,68.85,,96.6,2,2,2,1
J. Jeanvier,Julian Jeanvier,3/31/1993,25,185.42,83.9,CB,France,72,76,3400000.0,26000.0,Right,1,3,2,Normal,6700000.0,,,,,39,30,73,65,30,44,44,39,46,60,68,70,68,75,60,46,72,72,80,31,72,68,45,37,42,62,68,73,68,81.0175,Low,1.4876033057851241,CB,Defenders,1.9580000000000002,2.3760000000000003,2.87,2.784,2.87,0.13653893491051783,1.0625,56.55,59.39999999999999,17.470588235294116,70.56,0,0,0,1
O. Zinchenko,Oleksandr Zinchenko,12/15/1996,22,175.26,64.0,LB,Ukraine,74,83,7500000.0,53000.0,Left,1,3,3,Lean,15400000.0,,,,,79,59,59,77,61,76,78,74,76,76,74,68,77,74,79,77,66,70,54,71,68,72,72,78,59,68,73,75,69,87.718,High,1.4677685950413222,LB,Defenders,3.1977272727272723,3.4250000000000003,3.2045454545454546,3.247727272727273,3.2045454545454546,0.14751126923013064,1.3636363636363635,73.14999999999999,74.35000000000001,9.913333333333334,90.28,2,2,2,1
L. Stulac,Leo Štulac,9/26/1994,24,175.26,69.9,CDM,Slovenia,71,79,3000000.0,19000.0,Right,1,3,2,Lean,6000000.0,Slovenia,75.0,SUB,15.0,60,52,55,77,67,60,70,66,70,69,69,71,74,66,72,76,64,71,69,78,70,67,64,68,50,61,64,70,69,77.1,Medium,1.3090909090909089,CDM,Midfielders,2.54375,2.93125,2.8000000000000003,2.725,2.93125,0.13525989416602985,1.25,71.95,68.55,22.849999999999998,75.26,1,1,1,0
Rochinha,Diogo Filipe Rocha Costa,5/3/1995,23,172.72,64.0,"RM,LM",Portugal,69,76,1500000.0,5000.0,Right,1,3,4,Normal,3400000.0,,,,,64,63,35,70,62,73,54,50,59,68,79,77,78,68,82,64,33,69,42,63,41,25,56,62,57,59,59,27,24,72.632,Low,1.3487603305785123,RM,Midfielders,2.9239130434782608,2.6369565217391306,1.776086956521739,2.67608695652174,2.6369565217391306,0.13007632304138794,1.3636363636363635,71.10000000000001,67.25,44.833333333333336,78.66000000000001,0,0,0,1
N. Leguizamón,Nicolás Leguizamón,1/26/1995,24,154.94,74.8,ST,Argentina,70,76,2500000.0,8000.0,Right,1,3,3,Normal,4200000.0,,,,,35,70,71,60,66,69,41,33,51,66,74,73,73,67,60,73,77,75,79,61,70,18,69,39,55,72,25,21,25,82.5,Low,1.3289256198347108,ST,Attackers,2.904166666666667,2.1479166666666667,1.4395833333333334,2.954166666666666,2.904166666666667,0.13182223134648713,1.3888888888888888,71.25,64.05000000000001,25.620000000000005,74.2,0,0,0,1
Fran Sol,Francisco Sol Ortiz,3/13/1992,26,154.94,77.1,ST,Spain,75,76,8000000.0,1000.0,Right,1,3,3,Normal,17400000.0,,,,,37,80,78,62,69,63,61,62,49,70,67,68,68,76,65,78,82,69,73,73,51,28,74,62,72,69,37,25,19,80.905,Low,1.3966309341500767,ST,Attackers,2.769230769230769,2.3153846153846156,1.578846153846154,2.8307692307692305,2.769230769230769,0.14529150753341155,1.1428571428571428,70.25000000000001,66.85,8.35625,67.5,0,0,0,1
R. Perraud,Romain Perraud,9/22/1997,21,172.72,68.0,"LB,LM",France,67,79,1200000.0,7000.0,Left,1,3,3,Normal,,,,,,71,59,60,72,58,70,69,62,68,69,70,69,75,62,82,74,59,65,59,65,67,60,60,60,59,63,61,68,67,82.302,Medium,1.2297520661157024,LB,Defenders,3.05,3.0976190476190473,2.966666666666667,3.0380952380952384,2.966666666666667,0.1238039387443237,1.4545454545454546,69.65,67.3,56.083333333333336,87.10000000000001,1,1,1,0
Deulofeu,Gerard Deulofeu Lázaro,3/13/1994,24,152.4,73.0,"CF,RW,RM,LW",Spain,79,82,16000000.0,58000.0,Right,3,4,4,Normal,31600000.0,,,,,75,70,40,78,68,89,84,77,62,86,89,88,94,75,77,75,70,70,54,66,40,25,78,77,77,76,34,30,22,90.41999999999999,Medium,1.4876033057851241,CF,Attackers,3.3312500000000003,2.9125,1.5770833333333334,3.2249999999999996,3.3312500000000003,0.17338529791936347,1.28,80.25,82.05000000000001,5.128125000000001,83.74000000000001,1,1,1,2
J. Maja,Josh Maja,12/27/1998,20,154.94,67.1,ST,England,66,83,1400000.0,6000.0,Right,1,3,2,Lean,3700000.0,,,,,46,69,59,57,57,61,61,37,51,61,74,78,59,64,64,68,55,60,62,64,38,14,63,52,63,52,33,22,23,84.916,High,1.4328358208955223,ST,Attackers,3.29,2.545,1.6474999999999997,2.915,3.29,0.12776459703969656,2.0,67.0,57.89999999999999,41.357142857142854,91.08,2,2,2,1
M. Dewhurst,Marcus Dewhurst,3/20/2001,17,187.96,69.9,GK,England,53,77,110000.0,1000.0,Right,1,2,1,Normal,319000.0,,,,,9,8,10,24,8,11,14,8,26,13,33,30,28,42,32,20,54,27,46,6,17,11,4,26,10,27,8,13,14,63.21000000000001,Medium,0.9402985074626864,GK,Goalkeepers,0.9882352941176471,1.352941176470588,1.1235294117647057,2.188235294117647,2.188235294117647,0.09611951097445255,1.1,22.3,23.6,214.54545454545456,85.86,1,1,1,0
T. Cissokho,Till Cissokho,2/8/2000,19,200.66,88.0,CB,France,61,77,475000.0,3000.0,Left,1,2,2,Lean,1200000.0,,,,,29,29,57,43,31,31,32,33,34,37,58,55,42,50,30,46,68,60,85,28,52,54,31,28,46,45,55,69,64,73.34,Medium,1.1194029850746268,CB,Defenders,1.9684210526315788,2.231578947368421,3.276315789473684,2.6315789473684212,3.276315789473684,0.1144920900198711,1.3571428571428572,46.650000000000006,41.150000000000006,86.63157894736844,89.06,1,1,1,0
Gabriel Paulista,Gabriel Armando de Abreu,11/26/1990,28,187.96,78.9,CB,Brazil,82,83,21000000.0,44000.0,Right,2,2,2,Lean,45700000.0,,,,,67,42,81,74,48,60,57,46,69,69,74,74,70,82,67,61,83,76,84,50,82,82,51,65,51,73,83,83,83,78.85,High,1.5068912710566615,CB,Defenders,2.1107142857142858,2.6142857142857143,2.957142857142857,2.773214285714286,2.957142857142857,0.168361921347266,0.9767441860465116,66.3,70.75,3.369047619047619,73.8,2,2,2,1
L. Marković,Lazar  Marković,3/2/1994,25,175.26,64.9,"RM,RW",Serbia,74,76,7000000.0,39000.0,Right,2,3,4,Lean,13800000.0,,,,,69,66,58,72,68,80,79,62,64,79,82,85,89,73,75,65,78,49,49,64,41,49,70,70,70,72,32,39,37,83.5475,Low,1.4479338842975207,RM,Midfielders,2.95,2.676,1.7860000000000003,3.034,2.676,0.1503553984950127,1.2727272727272727,71.9,76.15,10.87857142857143,72.52,0,0,0,1
Gabriel Brazão,Gabriel Resende Brazão,10/5/2000,18,190.5,78.0,GK,Brazil,60,78,325000.0,1000.0,Right,1,3,1,Normal,788000.0,,,,,12,6,13,25,6,10,13,12,26,13,24,31,29,55,26,21,34,21,61,6,18,11,7,34,18,27,12,11,11,73.224,Medium,1.2313432835820894,GK,Goalkeepers,0.9583333333333334,1.4416666666666667,1.286111111111111,2.1972222222222224,2.1972222222222224,0.11177022345282045,1.1403508771929824,20.4,24.15,74.3076923076923,92.4,1,1,1,0
A. Taoui,Adil Taoui,8/10/2001,17,152.4,68.9,"ST,RW,LW",France,64,75,700000.0,3000.0,Left,1,4,3,Lean,1500000.0,,,,,63,69,65,48,49,68,47,42,46,68,73,68,71,57,72,58,67,59,55,58,45,25,61,52,65,52,17,19,20,95.03000000000002,Low,1.2761194029850746,ST,Attackers,3.8794117647058823,2.973529411764706,1.7176470588235293,3.4764705882352938,3.8794117647058823,0.12295367424851229,1.3333333333333333,64.2,59.400000000000006,84.85714285714288,103.68,0,0,0,1
A. Tuanzebe,Axel Tuanzebe,11/14/1997,21,185.42,72.1,"CB,RB",England,72,83,4700000.0,43000.0,Right,1,3,3,Normal,,,,,,52,26,66,72,41,68,45,37,68,69,78,79,70,70,64,46,73,75,75,34,72,68,41,55,50,70,71,72,73,92.4,High,1.3884297520661155,CB,Defenders,2.566666666666667,3.1809523809523808,3.380952380952381,3.354761904761905,3.380952380952381,0.139380110129302,1.46875,62.900000000000006,68.6,14.595744680851062,93.60000000000001,2,2,2,1
D. Lukebakio,Dodi Lukebakio,9/24/1997,21,187.96,77.1,"RM,ST",Belgium,75,82,9500000.0,34000.0,Left,1,4,4,Lean,,,,,,69,72,26,68,63,79,67,66,63,75,79,88,77,74,70,75,69,69,68,70,33,26,75,66,65,72,31,21,23,96.756,Medium,1.4677685950413222,RM,Midfielders,3.6047619047619044,2.9976190476190476,1.7666666666666668,3.4809523809523806,2.9976190476190476,0.14847565380086922,1.3571428571428572,76.5,72.45,7.626315789473685,97.5,1,1,1,2
H. Abdelli,Himad Abdelli,11/17/1999,19,187.96,83.0,CAM,France,59,73,325000.0,1000.0,Left,1,3,2,Lean,772000.0,,,,,44,50,59,63,50,64,45,47,56,60,66,64,48,54,47,42,61,51,64,48,63,30,38,68,41,39,47,56,47,74.1,Low,1.208955223880597,CAM,Midfielders,2.8473684210526318,2.986842105263158,2.539473684210526,2.613157894736842,2.986842105263158,0.1089795244195177,1.4130434782608696,53.95,55.800000000000004,171.6923076923077,86.14,0,0,0,1
J. Pereyra,Joaquín Pereyra,12/1/1998,20,154.94,71.2,"CM,CAM,CDM",Argentina,60,77,450000.0,1000.0,Left,1,2,2,Normal,956000.0,,,,,55,47,45,69,48,63,56,51,58,64,63,66,68,58,65,64,65,65,64,65,45,29,61,59,52,42,50,38,37,74.408,Medium,1.298507462686567,CM,Midfielders,2.8925000000000005,2.9125,2.2325000000000004,2.7875,2.9125,0.1108311486428334,1.5789473684210527,64.75,58.8,130.66666666666666,82.8,1,1,1,0
F. Benko,Fabian Benko,6/5/1998,20,154.94,73.9,"CAM,LM",Germany,61,76,550000.0,2000.0,Left,1,3,3,Normal,1100000.0,,,,,47,39,55,65,58,65,66,51,63,66,65,62,68,56,69,63,59,54,59,65,51,53,53,57,52,54,23,48,53,78.526,Low,1.253731343283582,CAM,Midfielders,2.7375,2.9675000000000002,2.2725,2.8825,2.9675000000000002,0.11325091793924175,1.5714285714285714,62.800000000000004,61.599999999999994,111.99999999999999,84.17999999999999,0,0,0,1
J. Hurtado,Jan Hurtado,3/5/2000,19,182.88,71.2,"RW,ST",Venezuela,65,82,1100000.0,2000.0,Right,1,3,3,Normal,2400000.0,,,,,44,64,53,60,51,71,46,35,59,66,77,75,73,70,71,69,69,66,61,67,42,22,67,57,72,62,27,15,20,102.144,Medium,1.5671641791044775,RW,Attackers,3.642105263157894,2.9499999999999997,1.6921052631578946,3.573684210526315,3.642105263157894,0.12498387383135746,1.8333333333333333,70.94999999999999,64.55,58.68181818181817,94.89999999999999,1,1,1,2
S. Zuber,Steven Zuber,8/17/1991,27,182.88,78.9,"LWB,LM,LB,CM",Switzerland,76,77,7500000.0,29000.0,Right,1,4,3,Normal,,Switzerland,77.0,LM,14.0,74,63,72,74,57,78,78,66,61,77,78,79,74,75,67,80,65,79,77,79,72,76,74,72,58,76,69,73,68,79.11749999999999,Medium,1.3782542113323124,LWB,Defenders,2.7037037037037037,2.772222222222222,2.724074074074074,2.727777777777778,2.724074074074074,0.1422887715599085,1.0,78.44999999999999,75.35,10.046666666666665,68.4,1,1,1,0
